identificador_torre;identificador_servidor;data;hora;pid;nome_processo;status_processo;cpu_processo_percentual;cpu_classificacao
TORRE-001;SERVIDOR-001;01/10/2026;10:15:02;0;System Idle Process;running;91.22;CRITICO
TORRE-001;SERVIDOR-001;01/10/2026;10:15:02;7036;python.exe;running;1.97;NORMAL
TORRE-001;SERVIDOR-001;01/10/2026;10:15:02;4088;Code.exe;running;1.62;NORMAL
TORRE-001;SERVIDOR-001;01/10/2026;10:15:02;17304;WmiPrvSE.exe;running;0.64;NORMAL
TORRE-001;SERVIDOR-001;01/10/2026;10:15:02;13104;Code.exe;running;0.44;NORMAL
TORRE-001;SERVIDOR-001;01/10/2026;10:15:02;15332;Taskmgr.exe;running;0.31;NORMAL
TORRE-001;SERVIDOR-001;01/10/2026;10:15:02;25980;Code.exe;running;0.29;NORMAL
TORRE-001;SERVIDOR-001;01/10/2026;10:15:02;4760;MsMpEng.exe;running;0.22;NORMAL
TORRE-001;SERVIDOR-001;01/10/2026;10:15:02;4676;svchost.exe;running;0.17;NORMAL
TORRE-001;SERVIDOR-001;01/10/2026;10:15:02;17892;dwm.exe;running;0.17;NORMAL
TORRE-001;SERVIDOR-001;01/10/2026;10:15:02;25708;Code.exe;running;0.16;NORMAL
TORRE-001;SERVIDOR-001;01/10/2026;10:15:02;10716;explorer.exe;running;0.12;NORMAL
TORRE-001;SERVIDOR-001;01/10/2026;10:15:02;4;System;running;0.11;NORMAL
TORRE-001;SERVIDOR-001;01/10/2026;10:15:02;10316;Code.exe;running;0.05;NORMAL
TORRE-001;SERVIDOR-001;01/10/2026;10:15:02;14796;GameBarFTServer.exe;running;0.04;NORMAL
TORRE-001;SERVIDOR-001;01/10/2026;10:15:02;19176;csrss.exe;running;0.04;NORMAL
TORRE-001;SERVIDOR-001;01/10/2026;10:15:02;1232;services.exe;running;0.03;NORMAL
TORRE-001;SERVIDOR-001;01/10/2026;10:15:02;1460;svchost.exe;running;0.03;NORMAL
TORRE-001;SERVIDOR-001;01/10/2026;10:15:02;3344;opera.exe;running;0.03;NORMAL
TORRE-001;SERVIDOR-001;01/10/2026;10:15:02;3500;SearchIndexer.exe;running;0.03;NORMAL
TORRE-001;SERVIDOR-001;01/10/2026;10:15:02;4668;svchost.exe;running;0.02;NORMAL
TORRE-001;SERVIDOR-001;01/10/2026;10:15:02;8224;atieclxx.exe;running;0.02;NORMAL
TORRE-001;SERVIDOR-001;01/10/2026;10:15:02;13388;bash.exe;running;0.02;NORMAL
TORRE-001;SERVIDOR-001;01/10/2026;10:15:02;13860;GameBar.exe;running;0.02;NORMAL
TORRE-001;SERVIDOR-001;01/10/2026;10:15:02;23368;Code.exe;running;0.02;NORMAL
TORRE-001;SERVIDOR-001;01/10/2026;10:15:02;140;desconhecido;stopped;0.00;NORMAL
TORRE-001;SERVIDOR-001;01/10/2026;10:15:02;176;Registry;running;0.00;NORMAL
TORRE-001;SERVIDOR-001;01/10/2026;10:15:02;648;smss.exe;running;0.00;NORMAL
TORRE-001;SERVIDOR-001;01/10/2026;10:15:02;708;opera.exe;running;0.00;NORMAL
TORRE-001;SERVIDOR-001;01/10/2026;10:15:02;724;csrss.exe;running;0.00;NORMAL
TORRE-001;SERVIDOR-001;01/10/2026;10:15:02;860;msedge.exe;running;0.00;NORMAL
TORRE-001;SERVIDOR-001;01/10/2026;10:15:02;872;Code.exe;running;0.00;NORMAL
TORRE-001;SERVIDOR-001;01/10/2026;10:15:02;1148;svchost.exe;running;0.00;NORMAL
TORRE-001;SERVIDOR-001;01/10/2026;10:15:02;1152;wininit.exe;running;0.00;NORMAL
TORRE-001;SERVIDOR-001;01/10/2026;10:15:02;1280;msedgewebview2.exe;running;0.00;NORMAL
TORRE-001;SERVIDOR-001;01/10/2026;10:15:02;1292;msedgewebview2.exe;running;0.00;NORMAL
TORRE-001;SERVIDOR-001;01/10/2026;10:15:02;1316;LsaIso.exe;running;0.00;NORMAL
TORRE-001;SERVIDOR-001;01/10/2026;10:15:02;1332;lsass.exe;running;0.00;NORMAL
TORRE-001;SERVIDOR-001;01/10/2026;10:15:02;1344;svchost.exe;running;0.00;NORMAL
TORRE-001;SERVIDOR-001;01/10/2026;10:15:02;1396;svchost.exe;running;0.00;NORMAL
TORRE-001;SERVIDOR-001;01/10/2026;10:15:02;1436;AggregatorHost.exe;running;0.00;NORMAL
TORRE-001;SERVIDOR-001;01/10/2026;10:15:02;1488;fontdrvhost.exe;running;0.00;NORMAL
TORRE-001;SERVIDOR-001;01/10/2026;10:15:02;1504;svchost.exe;running;0.00;NORMAL
TORRE-001;SERVIDOR-001;01/10/2026;10:15:02;1512;steamwebhelper.exe;running;0.00;NORMAL
TORRE-001;SERVIDOR-001;01/10/2026;10:15:02;1552;WUDFHost.exe;running;0.00;NORMAL
TORRE-001;SERVIDOR-001;01/10/2026;10:15:02;1620;svchost.exe;running;0.00;NORMAL
TORRE-001;SERVIDOR-001;01/10/2026;10:15:02;1704;svchost.exe;running;0.00;NORMAL
TORRE-001;SERVIDOR-001;01/10/2026;10:15:02;1728;svchost.exe;running;0.00;NORMAL
TORRE-001;SERVIDOR-001;01/10/2026;10:15:02;1784;svchost.exe;running;0.00;NORMAL
TORRE-001;SERVIDOR-001;01/10/2026;10:15:02;1836;SearchHost.exe;stopped;0.00;NORMAL
TORRE-001;SERVIDOR-001;01/10/2026;10:15:02;1852;svchost.exe;running;0.00;NORMAL
TORRE-001;SERVIDOR-001;01/10/2026;10:15:02;1896;svchost.exe;running;0.00;NORMAL
TORRE-001;SERVIDOR-001;01/10/2026;10:15:02;1912;svchost.exe;running;0.00;NORMAL
TORRE-001;SERVIDOR-001;01/10/2026;10:15:02;1924;svchost.exe;running;0.00;NORMAL
TORRE-001;SERVIDOR-001;01/10/2026;10:15:02;2012;svchost.exe;running;0.00;NORMAL
TORRE-001;SERVIDOR-001;01/10/2026;10:15:02;2112;svchost.exe;running;0.00;NORMAL
TORRE-001;SERVIDOR-001;01/10/2026;10:15:02;2188;FileCoAuth.exe;running;0.00;NORMAL
TORRE-001;SERVIDOR-001;01/10/2026;10:15:02;2216;svchost.exe;running;0.00;NORMAL
TORRE-001;SERVIDOR-001;01/10/2026;10:15:02;2344;opera.exe;running;0.00;NORMAL
TORRE-001;SERVIDOR-001;01/10/2026;10:15:02;2420;svchost.exe;running;0.00;NORMAL
TORRE-001;SERVIDOR-001;01/10/2026;10:15:02;2428;UserOOBEBroker.exe;running;0.00;NORMAL
TORRE-001;SERVIDOR-001;01/10/2026;10:15:02;2448;svchost.exe;running;0.00;NORMAL
TORRE-001;SERVIDOR-001;01/10/2026;10:15:02;2508;svchost.exe;running;0.00;NORMAL
TORRE-001;SERVIDOR-001;01/10/2026;10:15:02;2596;svchost.exe;running;0.00;NORMAL
TORRE-001;SERVIDOR-001;01/10/2026;10:15:02;2716;powershell.exe;running;0.00;NORMAL
TORRE-001;SERVIDOR-001;01/10/2026;10:15:02;2752;OpenConsole.exe;running;0.00;NORMAL
TORRE-001;SERVIDOR-001;01/10/2026;10:15:02;2768;svchost.exe;running;0.00;NORMAL
TORRE-001;SERVIDOR-001;01/10/2026;10:15:02;2772;svchost.exe;running;0.00;NORMAL
TORRE-001;SERVIDOR-001;01/10/2026;10:15:02;2872;svchost.exe;running;0.00;NORMAL
TORRE-001;SERVIDOR-001;01/10/2026;10:15:02;2924;svchost.exe;running;0.00;NORMAL
TORRE-001;SERVIDOR-001;01/10/2026;10:15:02;2980;SynTPEnhService.exe;running;0.00;NORMAL
TORRE-001;SERVIDOR-001;01/10/2026;10:15:02;3008;svchost.exe;running;0.00;NORMAL
TORRE-001;SERVIDOR-001;01/10/2026;10:15:02;3032;svchost.exe;running;0.00;NORMAL
TORRE-001;SERVIDOR-001;01/10/2026;10:15:02;3120;atiesrxx.exe;running;0.00;NORMAL
TORRE-001;SERVIDOR-001;01/10/2026;10:15:02;3128;amdfendrsr.exe;running;0.00;NORMAL
TORRE-001;SERVIDOR-001;01/10/2026;10:15:02;3144;svchost.exe;running;0.00;NORMAL
TORRE-001;SERVIDOR-001;01/10/2026;10:15:02;3204;RtkAudUService64.exe;running;0.00;NORMAL
TORRE-001;SERVIDOR-001;01/10/2026;10:15:02;3256;Code.exe;running;0.00;NORMAL
TORRE-001;SERVIDOR-001;01/10/2026;10:15:02;3316;svchost.exe;running;0.00;NORMAL
TORRE-001;SERVIDOR-001;01/10/2026;10:15:02;3464;svchost.exe;running;0.00;NORMAL
TORRE-001;SERVIDOR-001;01/10/2026;10:15:02;3468;svchost.exe;running;0.00;NORMAL
TORRE-001;SERVIDOR-001;01/10/2026;10:15:02;3480;svchost.exe;running;0.00;NORMAL
TORRE-001;SERVIDOR-001;01/10/2026;10:15:02;3576;MemCompression;running;0.00;NORMAL
TORRE-001;SERVIDOR-001;01/10/2026;10:15:02;3616;svchost.exe;running;0.00;NORMAL
TORRE-001;SERVIDOR-001;01/10/2026;10:15:02;3648;svchost.exe;running;0.00;NORMAL
TORRE-001;SERVIDOR-001;01/10/2026;10:15:02;3656;svchost.exe;running;0.00;NORMAL
TORRE-001;SERVIDOR-001;01/10/2026;10:15:02;3672;opera.exe;running;0.00;NORMAL
TORRE-001;SERVIDOR-001;01/10/2026;10:15:02;3716;svchost.exe;running;0.00;NORMAL
TORRE-001;SERVIDOR-001;01/10/2026;10:15:02;3804;opera.exe;running;0.00;NORMAL
TORRE-001;SERVIDOR-001;01/10/2026;10:15:02;3832;svchost.exe;running;0.00;NORMAL
TORRE-001;SERVIDOR-001;01/10/2026;10:15:02;3860;svchost.exe;running;0.00;NORMAL
TORRE-001;SERVIDOR-001;01/10/2026;10:15:02;3948;svchost.exe;running;0.00;NORMAL
TORRE-001;SERVIDOR-001;01/10/2026;10:15:02;3972;svchost.exe;running;0.00;NORMAL
TORRE-001;SERVIDOR-001;01/10/2026;10:15:02;4092;svchost.exe;running;0.00;NORMAL
TORRE-001;SERVIDOR-001;01/10/2026;10:15:02;4216;spoolsv.exe;running;0.00;NORMAL
TORRE-001;SERVIDOR-001;01/10/2026;10:15:02;4224;wlanext.exe;running;0.00;NORMAL
TORRE-001;SERVIDOR-001;01/10/2026;10:15:02;4268;conhost.exe;running;0.00;NORMAL
TORRE-001;SERVIDOR-001;01/10/2026;10:15:02;4336;svchost.exe;running;0.00;NORMAL
TORRE-001;SERVIDOR-001;01/10/2026;10:15:02;4436;SecurityHealthService.exe;running;0.00;NORMAL
TORRE-001;SERVIDOR-001;01/10/2026;10:15:02;4448;svchost.exe;running;0.00;NORMAL
TORRE-001;SERVIDOR-001;01/10/2026;10:15:02;4608;DAX3API.exe;running;0.00;NORMAL
TORRE-001;SERVIDOR-001;01/10/2026;10:15:02;4620;svchost.exe;running;0.00;NORMAL
TORRE-001;SERVIDOR-001;01/10/2026;10:15:02;4628;svchost.exe;running;0.00;NORMAL
TORRE-001;SERVIDOR-001;01/10/2026;10:15:02;4640;ibmpmsvc.exe;running;0.00;NORMAL
TORRE-001;SERVIDOR-001;01/10/2026;10:15:02;4648;svchost.exe;running;0.00;NORMAL
TORRE-001;SERVIDOR-001;01/10/2026;10:15:02;4656;svchost.exe;running;0.00;NORMAL
TORRE-001;SERVIDOR-001;01/10/2026;10:15:02;4692;svchost.exe;running;0.00;NORMAL
TORRE-001;SERVIDOR-001;01/10/2026;10:15:02;4696;SynRpcServer.exe;running;0.00;NORMAL
TORRE-001;SERVIDOR-001;01/10/2026;10:15:02;4720;LITSSvc.exe;running;0.00;NORMAL
TORRE-001;SERVIDOR-001;01/10/2026;10:15:02;4740;MpDefenderCoreService.exe;running;0.00;NORMAL
TORRE-001;SERVIDOR-001;01/10/2026;10:15:02;4748;SmartStandby.exe;running;0.00;NORMAL
TORRE-001;SERVIDOR-001;01/10/2026;10:15:02;4756;mysqld.exe;running;0.00;NORMAL
TORRE-001;SERVIDOR-001;01/10/2026;10:15:02;4772;RtkAudUService64.exe;running;0.00;NORMAL
TORRE-001;SERVIDOR-001;01/10/2026;10:15:02;4780;FMService64.exe;running;0.00;NORMAL
TORRE-001;SERVIDOR-001;01/10/2026;10:15:02;4916;svchost.exe;running;0.00;NORMAL
TORRE-001;SERVIDOR-001;01/10/2026;10:15:02;5036;svchost.exe;running;0.00;NORMAL
TORRE-001;SERVIDOR-001;01/10/2026;10:15:02;5196;svchost.exe;running;0.00;NORMAL
TORRE-001;SERVIDOR-001;01/10/2026;10:15:02;5232;svchost.exe;running;0.00;NORMAL
TORRE-001;SERVIDOR-001;01/10/2026;10:15:02;5284;svchost.exe;running;0.00;NORMAL
TORRE-001;SERVIDOR-001;01/10/2026;10:15:02;5316;tphkload.exe;running;0.00;NORMAL
TORRE-001;SERVIDOR-001;01/10/2026;10:15:02;5344;mysqld.exe;running;0.00;NORMAL
TORRE-001;SERVIDOR-001;01/10/2026;10:15:02;5392;conhost.exe;running;0.00;NORMAL
TORRE-001;SERVIDOR-001;01/10/2026;10:15:02;5480;RuntimeBroker.exe;running;0.00;NORMAL
TORRE-001;SERVIDOR-001;01/10/2026;10:15:02;5612;svchost.exe;running;0.00;NORMAL
TORRE-001;SERVIDOR-001;01/10/2026;10:15:02;5808;RuntimeBroker.exe;running;0.00;NORMAL
TORRE-001;SERVIDOR-001;01/10/2026;10:15:02;5984;svchost.exe;running;0.00;NORMAL
TORRE-001;SERVIDOR-001;01/10/2026;10:15:02;6076;svchost.exe;running;0.00;NORMAL
TORRE-001;SERVIDOR-001;01/10/2026;10:15:02;6080;svchost.exe;running;0.00;NORMAL
TORRE-001;SERVIDOR-001;01/10/2026;10:15:02;6216;svchost.exe;running;0.00;NORMAL
TORRE-001;SERVIDOR-001;01/10/2026;10:15:02;6236;dllhost.exe;running;0.00;NORMAL
TORRE-001;SERVIDOR-001;01/10/2026;10:15:02;6288;svchost.exe;running;0.00;NORMAL
TORRE-001;SERVIDOR-001;01/10/2026;10:15:02;6552;svchost.exe;running;0.00;NORMAL
TORRE-001;SERVIDOR-001;01/10/2026;10:15:02;6616;NisSrv.exe;running;0.00;NORMAL
TORRE-001;SERVIDOR-001;01/10/2026;10:15:02;6628;browser_assistant.exe;running;0.00;NORMAL
TORRE-001;SERVIDOR-001;01/10/2026;10:15:02;6668;RuntimeBroker.exe;running;0.00;NORMAL
TORRE-001;SERVIDOR-001;01/10/2026;10:15:02;6724;opera.exe;running;0.00;NORMAL
TORRE-001;SERVIDOR-001;01/10/2026;10:15:02;6796;opera.exe;running;0.00;NORMAL
TORRE-001;SERVIDOR-001;01/10/2026;10:15:02;6912;powershell.exe;running;0.00;NORMAL
TORRE-001;SERVIDOR-001;01/10/2026;10:15:02;6924;svchost.exe;running;0.00;NORMAL
TORRE-001;SERVIDOR-001;01/10/2026;10:15:02;6960;svchost.exe;running;0.00;NORMAL
TORRE-001;SERVIDOR-001;01/10/2026;10:15:02;6964;pet.exe;running;0.00;NORMAL
TORRE-001;SERVIDOR-001;01/10/2026;10:15:02;6984;MoUsoCoreWorker.exe;running;0.00;NORMAL
TORRE-001;SERVIDOR-001;01/10/2026;10:15:02;6996;svchost.exe;running;0.00;NORMAL
TORRE-001;SERVIDOR-001;01/10/2026;10:15:02;7056;msedgewebview2.exe;running;0.00;NORMAL
TORRE-001;SERVIDOR-001;01/10/2026;10:15:02;7184;powershell.exe;running;0.00;NORMAL
TORRE-001;SERVIDOR-001;01/10/2026;10:15:02;7312;svchost.exe;running;0.00;NORMAL
TORRE-001;SERVIDOR-001;01/10/2026;10:15:02;7376;RtkAudUService64.exe;running;0.00;NORMAL
TORRE-001;SERVIDOR-001;01/10/2026;10:15:02;7536;SynTPEnh.exe;running;0.00;NORMAL
TORRE-001;SERVIDOR-001;01/10/2026;10:15:02;7700;LinkedIn.exe;running;0.00;NORMAL
TORRE-001;SERVIDOR-001;01/10/2026;10:15:02;7848;svchost.exe;running;0.00;NORMAL
TORRE-001;SERVIDOR-001;01/10/2026;10:15:02;7896;WUDFHost.exe;running;0.00;NORMAL
TORRE-001;SERVIDOR-001;01/10/2026;10:15:02;7984;M365Copilot.exe;running;0.00;NORMAL
TORRE-001;SERVIDOR-001;01/10/2026;10:15:02;8104;OpenConsole.exe;running;0.00;NORMAL
TORRE-001;SERVIDOR-001;01/10/2026;10:15:02;8592;svchost.exe;running;0.00;NORMAL
TORRE-001;SERVIDOR-001;01/10/2026;10:15:02;8652;opera.exe;running;0.00;NORMAL
TORRE-001;SERVIDOR-001;01/10/2026;10:15:02;8680;mintty.exe;running;0.00;NORMAL
TORRE-001;SERVIDOR-001;01/10/2026;10:15:02;8816;svchost.exe;running;0.00;NORMAL
TORRE-001;SERVIDOR-001;01/10/2026;10:15:02;8836;RadeonSoftware.exe;running;0.00;NORMAL
TORRE-001;SERVIDOR-001;01/10/2026;10:15:02;9292;svchost.exe;running;0.00;NORMAL
TORRE-001;SERVIDOR-001;01/10/2026;10:15:02;9380;opera.exe;running;0.00;NORMAL
TORRE-001;SERVIDOR-001;01/10/2026;10:15:02;9392;svchost.exe;running;0.00;NORMAL
TORRE-001;SERVIDOR-001;01/10/2026;10:15:02;9516;powershell.exe;running;0.00;NORMAL
TORRE-001;SERVIDOR-001;01/10/2026;10:15:02;9536;msedgewebview2.exe;running;0.00;NORMAL
TORRE-001;SERVIDOR-001;01/10/2026;10:15:02;9696;git-bash.exe;running;0.00;NORMAL
TORRE-001;SERVIDOR-001;01/10/2026;10:15:02;9748;winlogon.exe;running;0.00;NORMAL
TORRE-001;SERVIDOR-001;01/10/2026;10:15:02;9752;PowerMgr.exe;running;0.00;NORMAL
TORRE-001;SERVIDOR-001;01/10/2026;10:15:02;9820;steamwebhelper.exe;running;0.00;NORMAL
TORRE-001;SERVIDOR-001;01/10/2026;10:15:02;9936;steamservice.exe;running;0.00;NORMAL
TORRE-001;SERVIDOR-001;01/10/2026;10:15:02;9964;msedgewebview2.exe;running;0.00;NORMAL
TORRE-001;SERVIDOR-001;01/10/2026;10:15:02;10148;powershell.exe;running;0.00;NORMAL
TORRE-001;SERVIDOR-001;01/10/2026;10:15:02;10156;svchost.exe;running;0.00;NORMAL
TORRE-001;SERVIDOR-001;01/10/2026;10:15:02;10224;msedgewebview2.exe;running;0.00;NORMAL
TORRE-001;SERVIDOR-001;01/10/2026;10:15:02;10400;CodeSetup-stable-07f806f999227108933c2e30515b26eecc1fda74.exe;running;0.00;NORMAL
TORRE-001;SERVIDOR-001;01/10/2026;10:15:02;10404;opera.exe;running;0.00;NORMAL
TORRE-001;SERVIDOR-001;01/10/2026;10:15:02;10452;opera.exe;running;0.00;NORMAL
TORRE-001;SERVIDOR-001;01/10/2026;10:15:02;10540;AMDRSServ.exe;running;0.00;NORMAL
TORRE-001;SERVIDOR-001;01/10/2026;10:15:02;10648;WUDFHost.exe;running;0.00;NORMAL
TORRE-001;SERVIDOR-001;01/10/2026;10:15:02;10760;SynTPHelper.exe;running;0.00;NORMAL
TORRE-001;SERVIDOR-001;01/10/2026;10:15:02;10764;svchost.exe;running;0.00;NORMAL
TORRE-001;SERVIDOR-001;01/10/2026;10:15:02;10788;msedgewebview2.exe;running;0.00;NORMAL
TORRE-001;SERVIDOR-001;01/10/2026;10:15:02;10920;msedgewebview2.exe;running;0.00;NORMAL
TORRE-001;SERVIDOR-001;01/10/2026;10:15:02;11204;svchost.exe;running;0.00;NORMAL
TORRE-001;SERVIDOR-001;01/10/2026;10:15:02;11272;msedgewebview2.exe;running;0.00;NORMAL
TORRE-001;SERVIDOR-001;01/10/2026;10:15:02;11324;svchost.exe;running;0.00;NORMAL
TORRE-001;SERVIDOR-001;01/10/2026;10:15:02;11408;Code.exe;running;0.00;NORMAL
TORRE-001;SERVIDOR-001;01/10/2026;10:15:02;11568;svchost.exe;running;0.00;NORMAL
TORRE-001;SERVIDOR-001;01/10/2026;10:15:02;11592;Code.exe;running;0.00;NORMAL
TORRE-001;SERVIDOR-001;01/10/2026;10:15:02;11724;svchost.exe;running;0.00;NORMAL
TORRE-001;SERVIDOR-001;01/10/2026;10:15:02;12240;SnippingTool.exe;running;0.00;NORMAL
TORRE-001;SERVIDOR-001;01/10/2026;10:15:02;12604;svchost.exe;running;0.00;NORMAL
TORRE-001;SERVIDOR-001;01/10/2026;10:15:02;12852;Code.exe;running;0.00;NORMAL
TORRE-001;SERVIDOR-001;01/10/2026;10:15:02;12976;opera.exe;running;0.00;NORMAL
TORRE-001;SERVIDOR-001;01/10/2026;10:15:02;13056;DefenderSessionHelper.exe;running;0.00;NORMAL
TORRE-001;SERVIDOR-001;01/10/2026;10:15:02;13212;steamwebhelper.exe;running;0.00;NORMAL
TORRE-001;SERVIDOR-001;01/10/2026;10:15:02;13372;opera.exe;running;0.00;NORMAL
TORRE-001;SERVIDOR-001;01/10/2026;10:15:02;13488;steamwebhelper.exe;running;0.00;NORMAL
TORRE-001;SERVIDOR-001;01/10/2026;10:15:02;13728;msedgewebview2.exe;running;0.00;NORMAL
TORRE-001;SERVIDOR-001;01/10/2026;10:15:02;13792;opera.exe;running;0.00;NORMAL
TORRE-001;SERVIDOR-001;01/10/2026;10:15:02;13864;svchost.exe;running;0.00;NORMAL
TORRE-001;SERVIDOR-001;01/10/2026;10:15:02;14096;opera.exe;running;0.00;NORMAL
TORRE-001;SERVIDOR-001;01/10/2026;10:15:02;14184;SystemSettingsBroker.exe;running;0.00;NORMAL
TORRE-001;SERVIDOR-001;01/10/2026;10:15:02;14196;svchost.exe;running;0.00;NORMAL
TORRE-001;SERVIDOR-001;01/10/2026;10:15:02;14316;dllhost.exe;running;0.00;NORMAL
TORRE-001;SERVIDOR-001;01/10/2026;10:15:02;14376;WidgetService.exe;running;0.00;NORMAL
TORRE-001;SERVIDOR-001;01/10/2026;10:15:02;14508;opera.exe;running;0.00;NORMAL
TORRE-001;SERVIDOR-001;01/10/2026;10:15:02;14516;opera.exe;running;0.00;NORMAL
TORRE-001;SERVIDOR-001;01/10/2026;10:15:02;14940;Code.exe;running;0.00;NORMAL
TORRE-001;SERVIDOR-001;01/10/2026;10:15:02;14952;msedgewebview2.exe;running;0.00;NORMAL
TORRE-001;SERVIDOR-001;01/10/2026;10:15:02;14996;svchost.exe;running;0.00;NORMAL
TORRE-001;SERVIDOR-001;01/10/2026;10:15:02;15012;svchost.exe;running;0.00;NORMAL
TORRE-001;SERVIDOR-001;01/10/2026;10:15:02;15076;svchost.exe;running;0.00;NORMAL
TORRE-001;SERVIDOR-001;01/10/2026;10:15:02;15084;msedgewebview2.exe;running;0.00;NORMAL
TORRE-001;SERVIDOR-001;01/10/2026;10:15:02;15092;wallpaper64.exe;running;0.00;NORMAL
TORRE-001;SERVIDOR-001;01/10/2026;10:15:02;15112;PhoneExperienceHost.exe;running;0.00;NORMAL
TORRE-001;SERVIDOR-001;01/10/2026;10:15:02;15260;audiodg.exe;running;0.00;NORMAL
TORRE-001;SERVIDOR-001;01/10/2026;10:15:02;15356;conhost.exe;running;0.00;NORMAL
TORRE-001;SERVIDOR-001;01/10/2026;10:15:02;15372;svchost.exe;running;0.00;NORMAL
TORRE-001;SERVIDOR-001;01/10/2026;10:15:02;15512;svchost.exe;running;0.00;NORMAL
TORRE-001;SERVIDOR-001;01/10/2026;10:15:02;15612;shtctky.exe;running;0.00;NORMAL
TORRE-001;SERVIDOR-001;01/10/2026;10:15:02;15804;RuntimeBroker.exe;running;0.00;NORMAL
TORRE-001;SERVIDOR-001;01/10/2026;10:15:02;15820;steamwebhelper.exe;running;0.00;NORMAL
TORRE-001;SERVIDOR-001;01/10/2026;10:15:02;15864;OneDrive.exe;running;0.00;NORMAL
TORRE-001;SERVIDOR-001;01/10/2026;10:15:02;15940;Widgets.exe;running;0.00;NORMAL
TORRE-001;SERVIDOR-001;01/10/2026;10:15:02;16120;SecurityHealthSystray.exe;running;0.00;NORMAL
TORRE-001;SERVIDOR-001;01/10/2026;10:15:02;16164;Code.exe;running;0.00;NORMAL
TORRE-001;SERVIDOR-001;01/10/2026;10:15:02;16192;RuntimeBroker.exe;running;0.00;NORMAL
TORRE-001;SERVIDOR-001;01/10/2026;10:15:02;16260;opera.exe;running;0.00;NORMAL
TORRE-001;SERVIDOR-001;01/10/2026;10:15:02;16304;fontdrvhost.exe;running;0.00;NORMAL
TORRE-001;SERVIDOR-001;01/10/2026;10:15:02;16324;opera.exe;running;0.00;NORMAL
TORRE-001;SERVIDOR-001;01/10/2026;10:15:02;16428;msedgewebview2.exe;running;0.00;NORMAL
TORRE-001;SERVIDOR-001;01/10/2026;10:15:02;16464;Code.exe;running;0.00;NORMAL
TORRE-001;SERVIDOR-001;01/10/2026;10:15:02;16468;steamwebhelper.exe;running;0.00;NORMAL
TORRE-001;SERVIDOR-001;01/10/2026;10:15:02;16520;MySQLWorkbench.exe;running;0.00;NORMAL
TORRE-001;SERVIDOR-001;01/10/2026;10:15:02;16620;CodeSetup-stable-07f806f999227108933c2e30515b26eecc1fda74.tmp;running;0.00;NORMAL
TORRE-001;SERVIDOR-001;01/10/2026;10:15:02;16696;msedge.exe;running;0.00;NORMAL
TORRE-001;SERVIDOR-001;01/10/2026;10:15:02;16720;steamwebhelper.exe;running;0.00;NORMAL
TORRE-001;SERVIDOR-001;01/10/2026;10:15:02;16724;opera.exe;running;0.00;NORMAL
TORRE-001;SERVIDOR-001;01/10/2026;10:15:02;17064;opera.exe;running;0.00;NORMAL
TORRE-001;SERVIDOR-001;01/10/2026;10:15:02;17156;conhost.exe;running;0.00;NORMAL
TORRE-001;SERVIDOR-001;01/10/2026;10:15:02;17536;RuntimeBroker.exe;running;0.00;NORMAL
TORRE-001;SERVIDOR-001;01/10/2026;10:15:02;17552;svchost.exe;running;0.00;NORMAL
TORRE-001;SERVIDOR-001;01/10/2026;10:15:02;17588;opera.exe;running;0.00;NORMAL
TORRE-001;SERVIDOR-001;01/10/2026;10:15:02;17644;sihost.exe;running;0.00;NORMAL
TORRE-001;SERVIDOR-001;01/10/2026;10:15:02;17816;msedge.exe;running;0.00;NORMAL
TORRE-001;SERVIDOR-001;01/10/2026;10:15:02;17972;AMDRSSrcExt.exe;running;0.00;NORMAL
TORRE-001;SERVIDOR-001;01/10/2026;10:15:02;18088;CalculatorApp.exe;running;0.00;NORMAL
TORRE-001;SERVIDOR-001;01/10/2026;10:15:02;18104;cncmd.exe;running;0.00;NORMAL
TORRE-001;SERVIDOR-001;01/10/2026;10:15:02;18172;msedgewebview2.exe;running;0.00;NORMAL
TORRE-001;SERVIDOR-001;01/10/2026;10:15:02;18296;steam.exe;running;0.00;NORMAL
TORRE-001;SERVIDOR-001;01/10/2026;10:15:02;18472;CrossDeviceService.exe;running;0.00;NORMAL
TORRE-001;SERVIDOR-001;01/10/2026;10:15:02;18856;Code.exe;running;0.00;NORMAL
TORRE-001;SERVIDOR-001;01/10/2026;10:15:02;18880;msedgewebview2.exe;running;0.00;NORMAL
TORRE-001;SERVIDOR-001;01/10/2026;10:15:02;18896;svchost.exe;running;0.00;NORMAL
TORRE-001;SERVIDOR-001;01/10/2026;10:15:02;18912;opera.exe;running;0.00;NORMAL
TORRE-001;SERVIDOR-001;01/10/2026;10:15:02;19140;Code.exe;running;0.00;NORMAL
TORRE-001;SERVIDOR-001;01/10/2026;10:15:02;19160;opera.exe;running;0.00;NORMAL
TORRE-001;SERVIDOR-001;01/10/2026;10:15:02;19196;msedgewebview2.exe;running;0.00;NORMAL
TORRE-001;SERVIDOR-001;01/10/2026;10:15:02;19200;StartMenuExperienceHost.exe;running;0.00;NORMAL
TORRE-001;SERVIDOR-001;01/10/2026;10:15:02;19216;ApplicationFrameHost.exe;running;0.00;NORMAL
TORRE-001;SERVIDOR-001;01/10/2026;10:15:02;19272;ShellExperienceHost.exe;stopped;0.00;NORMAL
TORRE-001;SERVIDOR-001;01/10/2026;10:15:02;19284;conhost.exe;running;0.00;NORMAL
TORRE-001;SERVIDOR-001;01/10/2026;10:15:02;19608;svchost.exe;running;0.00;NORMAL
TORRE-001;SERVIDOR-001;01/10/2026;10:15:02;19632;svchost.exe;running;0.00;NORMAL
TORRE-001;SERVIDOR-001;01/10/2026;10:15:02;19780;opera.exe;running;0.00;NORMAL
TORRE-001;SERVIDOR-001;01/10/2026;10:15:02;19788;msedgewebview2.exe;running;0.00;NORMAL
TORRE-001;SERVIDOR-001;01/10/2026;10:15:02;19880;opera.exe;running;0.00;NORMAL
TORRE-001;SERVIDOR-001;01/10/2026;10:15:02;19912;svchost.exe;running;0.00;NORMAL
TORRE-001;SERVIDOR-001;01/10/2026;10:15:02;19956;msedgewebview2.exe;running;0.00;NORMAL
TORRE-001;SERVIDOR-001;01/10/2026;10:15:02;20212;Code.exe;running;0.00;NORMAL
TORRE-001;SERVIDOR-001;01/10/2026;10:15:02;20328;opera.exe;running;0.00;NORMAL
TORRE-001;SERVIDOR-001;01/10/2026;10:15:02;20412;svchost.exe;running;0.00;NORMAL
TORRE-001;SERVIDOR-001;01/10/2026;10:15:02;20440;opera.exe;running;0.00;NORMAL
TORRE-001;SERVIDOR-001;01/10/2026;10:15:02;20512;TranslucentTB.exe;running;0.00;NORMAL
TORRE-001;SERVIDOR-001;01/10/2026;10:15:02;20624;msedgewebview2.exe;running;0.00;NORMAL
TORRE-001;SERVIDOR-001;01/10/2026;10:15:02;20708;CastSrv.exe;running;0.00;NORMAL
TORRE-001;SERVIDOR-001;01/10/2026;10:15:02;20768;SystemSettings.exe;stopped;0.00;NORMAL
TORRE-001;SERVIDOR-001;01/10/2026;10:15:02;20812;RuntimeBroker.exe;running;0.00;NORMAL
TORRE-001;SERVIDOR-001;01/10/2026;10:15:02;20888;svchost.exe;running;0.00;NORMAL
TORRE-001;SERVIDOR-001;01/10/2026;10:15:02;20904;conhost.exe;running;0.00;NORMAL
TORRE-001;SERVIDOR-001;01/10/2026;10:15:02;20988;opera.exe;running;0.00;NORMAL
TORRE-001;SERVIDOR-001;01/10/2026;10:15:02;21020;svchost.exe;running;0.00;NORMAL
TORRE-001;SERVIDOR-001;01/10/2026;10:15:02;21264;msedgewebview2.exe;running;0.00;NORMAL
TORRE-001;SERVIDOR-001;01/10/2026;10:15:02;21624;svchost.exe;running;0.00;NORMAL
TORRE-001;SERVIDOR-001;01/10/2026;10:15:02;21692;opera.exe;running;0.00;NORMAL
TORRE-001;SERVIDOR-001;01/10/2026;10:15:02;21756;RuntimeBroker.exe;running;0.00;NORMAL
TORRE-001;SERVIDOR-001;01/10/2026;10:15:02;21956;svchost.exe;running;0.00;NORMAL
TORRE-001;SERVIDOR-001;01/10/2026;10:15:02;22076;Code.exe;running;0.00;NORMAL
TORRE-001;SERVIDOR-001;01/10/2026;10:15:02;22156;browser_assistant.exe;running;0.00;NORMAL
TORRE-001;SERVIDOR-001;01/10/2026;10:15:02;22228;msedgewebview2.exe;running;0.00;NORMAL
TORRE-001;SERVIDOR-001;01/10/2026;10:15:02;22296;LockApp.exe;stopped;0.00;NORMAL
TORRE-001;SERVIDOR-001;01/10/2026;10:15:02;22480;jetbrainsd.exe;running;0.00;NORMAL
TORRE-001;SERVIDOR-001;01/10/2026;10:15:02;22504;msedgewebview2.exe;running;0.00;NORMAL
TORRE-001;SERVIDOR-001;01/10/2026;10:15:02;22632;jetbrains-toolbox.exe;running;0.00;NORMAL
TORRE-001;SERVIDOR-001;01/10/2026;10:15:02;22688;taskhostw.exe;running;0.00;NORMAL
TORRE-001;SERVIDOR-001;01/10/2026;10:15:02;22696;opera.exe;running;0.00;NORMAL
TORRE-001;SERVIDOR-001;01/10/2026;10:15:02;22852;Code.exe;running;0.00;NORMAL
TORRE-001;SERVIDOR-001;01/10/2026;10:15:02;22920;dllhost.exe;running;0.00;NORMAL
TORRE-001;SERVIDOR-001;01/10/2026;10:15:02;22940;msedge.exe;running;0.00;NORMAL
TORRE-001;SERVIDOR-001;01/10/2026;10:15:02;23088;opera_crashreporter.exe;running;0.00;NORMAL
TORRE-001;SERVIDOR-001;01/10/2026;10:15:02;23116;RuntimeBroker.exe;running;0.00;NORMAL
TORRE-001;SERVIDOR-001;01/10/2026;10:15:02;23212;opera.exe;running;0.00;NORMAL
TORRE-001;SERVIDOR-001;01/10/2026;10:15:02;23424;OpenConsole.exe;running;0.00;NORMAL
TORRE-001;SERVIDOR-001;01/10/2026;10:15:02;23436;unsecapp.exe;running;0.00;NORMAL
TORRE-001;SERVIDOR-001;01/10/2026;10:15:02;23452;Notepad.exe;running;0.00;NORMAL
TORRE-001;SERVIDOR-001;01/10/2026;10:15:02;23488;opera.exe;running;0.00;NORMAL
TORRE-001;SERVIDOR-001;01/10/2026;10:15:02;23516;opera.exe;running;0.00;NORMAL
TORRE-001;SERVIDOR-001;01/10/2026;10:15:02;23580;DAX3API.exe;running;0.00;NORMAL
TORRE-001;SERVIDOR-001;01/10/2026;10:15:02;23780;RuntimeBroker.exe;running;0.00;NORMAL
TORRE-001;SERVIDOR-001;01/10/2026;10:15:02;23856;tposd.exe;running;0.00;NORMAL
TORRE-001;SERVIDOR-001;01/10/2026;10:15:02;23944;Code.exe;running;0.00;NORMAL
TORRE-001;SERVIDOR-001;01/10/2026;10:15:02;24284;svchost.exe;running;0.00;NORMAL
TORRE-001;SERVIDOR-001;01/10/2026;10:15:02;24288;Code.exe;running;0.00;NORMAL
TORRE-001;SERVIDOR-001;01/10/2026;10:15:02;24660;Code.exe;running;0.00;NORMAL
TORRE-001;SERVIDOR-001;01/10/2026;10:15:02;24768;TextInputHost.exe;running;0.00;NORMAL
TORRE-001;SERVIDOR-001;01/10/2026;10:15:02;25092;msedgewebview2.exe;running;0.00;NORMAL
TORRE-001;SERVIDOR-001;01/10/2026;10:15:02;25616;msedge.exe;running;0.00;NORMAL
TORRE-001;SERVIDOR-001;01/10/2026;10:15:02;25960;Code.exe;running;0.00;NORMAL
TORRE-001;SERVIDOR-001;01/10/2026;10:15:02;26172;ctfmon.exe;running;0.00;NORMAL
TORRE-001;SERVIDOR-001;01/10/2026;10:15:02;26224;opera.exe;running;0.00;NORMAL
TORRE-001;SERVIDOR-001;01/10/2026;10:15:02;26428;opera.exe;running;0.00;NORMAL
TORRE-001;SERVIDOR-001;01/10/2026;10:15:02;26480;opera.exe;running;0.00;NORMAL
TORRE-001;SERVIDOR-001;01/10/2026;10:15:02;26512;OneDrive.Sync.Service.exe;running;0.00;NORMAL
TORRE-001;SERVIDOR-001;01/10/2026;10:15:14;0;System Idle Process;running;95.51;CRITICO
TORRE-001;SERVIDOR-001;01/10/2026;10:15:14;7036;python.exe;running;1.57;NORMAL
TORRE-001;SERVIDOR-001;01/10/2026;10:15:14;17304;WmiPrvSE.exe;running;1.09;NORMAL
TORRE-001;SERVIDOR-001;01/10/2026;10:15:14;15332;Taskmgr.exe;running;0.55;NORMAL
TORRE-001;SERVIDOR-001;01/10/2026;10:15:14;4088;Code.exe;running;0.30;NORMAL
TORRE-001;SERVIDOR-001;01/10/2026;10:15:14;4;System;running;0.09;NORMAL
TORRE-001;SERVIDOR-001;01/10/2026;10:15:14;4668;svchost.exe;running;0.07;NORMAL
TORRE-001;SERVIDOR-001;01/10/2026;10:15:14;7536;SynTPEnh.exe;running;0.06;NORMAL
TORRE-001;SERVIDOR-001;01/10/2026;10:15:14;8680;mintty.exe;running;0.06;NORMAL
TORRE-001;SERVIDOR-001;01/10/2026;10:15:14;17892;dwm.exe;running;0.06;NORMAL
TORRE-001;SERVIDOR-001;01/10/2026;10:15:14;2448;svchost.exe;running;0.03;NORMAL
TORRE-001;SERVIDOR-001;01/10/2026;10:15:14;2716;powershell.exe;running;0.02;NORMAL
TORRE-001;SERVIDOR-001;01/10/2026;10:15:14;13860;GameBar.exe;running;0.02;NORMAL
TORRE-001;SERVIDOR-001;01/10/2026;10:15:14;14796;GameBarFTServer.exe;running;0.02;NORMAL
TORRE-001;SERVIDOR-001;01/10/2026;10:15:14;19176;csrss.exe;running;0.02;NORMAL
TORRE-001;SERVIDOR-001;01/10/2026;10:15:14;23368;Code.exe;running;0.02;NORMAL
TORRE-001;SERVIDOR-001;01/10/2026;10:15:14;860;msedge.exe;running;0.01;NORMAL
TORRE-001;SERVIDOR-001;01/10/2026;10:15:14;1332;lsass.exe;running;0.01;NORMAL
TORRE-001;SERVIDOR-001;01/10/2026;10:15:14;4760;MsMpEng.exe;running;0.01;NORMAL
TORRE-001;SERVIDOR-001;01/10/2026;10:15:14;5036;svchost.exe;running;0.01;NORMAL
TORRE-001;SERVIDOR-001;01/10/2026;10:15:14;7056;msedgewebview2.exe;running;0.01;NORMAL
TORRE-001;SERVIDOR-001;01/10/2026;10:15:14;7984;M365Copilot.exe;running;0.01;NORMAL
TORRE-001;SERVIDOR-001;01/10/2026;10:15:14;8224;atieclxx.exe;running;0.01;NORMAL
TORRE-001;SERVIDOR-001;01/10/2026;10:15:14;10716;explorer.exe;running;0.01;NORMAL
TORRE-001;SERVIDOR-001;01/10/2026;10:15:14;13104;Code.exe;running;0.01;NORMAL
TORRE-001;SERVIDOR-001;01/10/2026;10:15:14;13212;steamwebhelper.exe;running;0.01;NORMAL
TORRE-001;SERVIDOR-001;01/10/2026;10:15:14;18296;steam.exe;running;0.01;NORMAL
TORRE-001;SERVIDOR-001;01/10/2026;10:15:14;24288;Code.exe;running;0.01;NORMAL
TORRE-001;SERVIDOR-001;01/10/2026;10:15:14;25708;Code.exe;running;0.01;NORMAL
TORRE-001;SERVIDOR-001;01/10/2026;10:15:14;140;desconhecido;stopped;0.00;NORMAL
TORRE-001;SERVIDOR-001;01/10/2026;10:15:14;176;Registry;running;0.00;NORMAL
TORRE-001;SERVIDOR-001;01/10/2026;10:15:14;648;smss.exe;running;0.00;NORMAL
TORRE-001;SERVIDOR-001;01/10/2026;10:15:14;708;opera.exe;running;0.00;NORMAL
TORRE-001;SERVIDOR-001;01/10/2026;10:15:14;724;csrss.exe;running;0.00;NORMAL
TORRE-001;SERVIDOR-001;01/10/2026;10:15:14;872;Code.exe;running;0.00;NORMAL
TORRE-001;SERVIDOR-001;01/10/2026;10:15:14;1148;svchost.exe;running;0.00;NORMAL
TORRE-001;SERVIDOR-001;01/10/2026;10:15:14;1152;wininit.exe;running;0.00;NORMAL
TORRE-001;SERVIDOR-001;01/10/2026;10:15:14;1232;services.exe;running;0.00;NORMAL
TORRE-001;SERVIDOR-001;01/10/2026;10:15:14;1280;msedgewebview2.exe;running;0.00;NORMAL
TORRE-001;SERVIDOR-001;01/10/2026;10:15:14;1292;msedgewebview2.exe;running;0.00;NORMAL
TORRE-001;SERVIDOR-001;01/10/2026;10:15:14;1316;LsaIso.exe;running;0.00;NORMAL
TORRE-001;SERVIDOR-001;01/10/2026;10:15:14;1344;svchost.exe;running;0.00;NORMAL
TORRE-001;SERVIDOR-001;01/10/2026;10:15:14;1396;svchost.exe;running;0.00;NORMAL
TORRE-001;SERVIDOR-001;01/10/2026;10:15:14;1436;AggregatorHost.exe;running;0.00;NORMAL
TORRE-001;SERVIDOR-001;01/10/2026;10:15:14;1460;svchost.exe;running;0.00;NORMAL
TORRE-001;SERVIDOR-001;01/10/2026;10:15:14;1488;fontdrvhost.exe;running;0.00;NORMAL
TORRE-001;SERVIDOR-001;01/10/2026;10:15:14;1504;svchost.exe;running;0.00;NORMAL
TORRE-001;SERVIDOR-001;01/10/2026;10:15:14;1512;steamwebhelper.exe;running;0.00;NORMAL
TORRE-001;SERVIDOR-001;01/10/2026;10:15:14;1552;WUDFHost.exe;running;0.00;NORMAL
TORRE-001;SERVIDOR-001;01/10/2026;10:15:14;1620;svchost.exe;running;0.00;NORMAL
TORRE-001;SERVIDOR-001;01/10/2026;10:15:14;1704;svchost.exe;running;0.00;NORMAL
TORRE-001;SERVIDOR-001;01/10/2026;10:15:14;1728;svchost.exe;running;0.00;NORMAL
TORRE-001;SERVIDOR-001;01/10/2026;10:15:14;1784;svchost.exe;running;0.00;NORMAL
TORRE-001;SERVIDOR-001;01/10/2026;10:15:14;1836;SearchHost.exe;stopped;0.00;NORMAL
TORRE-001;SERVIDOR-001;01/10/2026;10:15:14;1852;svchost.exe;running;0.00;NORMAL
TORRE-001;SERVIDOR-001;01/10/2026;10:15:14;1896;svchost.exe;running;0.00;NORMAL
TORRE-001;SERVIDOR-001;01/10/2026;10:15:14;1912;svchost.exe;running;0.00;NORMAL
TORRE-001;SERVIDOR-001;01/10/2026;10:15:14;1924;svchost.exe;running;0.00;NORMAL
TORRE-001;SERVIDOR-001;01/10/2026;10:15:14;2012;svchost.exe;running;0.00;NORMAL
TORRE-001;SERVIDOR-001;01/10/2026;10:15:14;2112;svchost.exe;running;0.00;NORMAL
TORRE-001;SERVIDOR-001;01/10/2026;10:15:14;2188;FileCoAuth.exe;running;0.00;NORMAL
TORRE-001;SERVIDOR-001;01/10/2026;10:15:14;2216;svchost.exe;running;0.00;NORMAL
TORRE-001;SERVIDOR-001;01/10/2026;10:15:14;2344;opera.exe;running;0.00;NORMAL
TORRE-001;SERVIDOR-001;01/10/2026;10:15:14;2420;svchost.exe;running;0.00;NORMAL
TORRE-001;SERVIDOR-001;01/10/2026;10:15:14;2428;UserOOBEBroker.exe;running;0.00;NORMAL
TORRE-001;SERVIDOR-001;01/10/2026;10:15:14;2508;svchost.exe;running;0.00;NORMAL
TORRE-001;SERVIDOR-001;01/10/2026;10:15:14;2596;svchost.exe;running;0.00;NORMAL
TORRE-001;SERVIDOR-001;01/10/2026;10:15:14;2752;OpenConsole.exe;running;0.00;NORMAL
TORRE-001;SERVIDOR-001;01/10/2026;10:15:14;2768;svchost.exe;running;0.00;NORMAL
TORRE-001;SERVIDOR-001;01/10/2026;10:15:14;2772;svchost.exe;running;0.00;NORMAL
TORRE-001;SERVIDOR-001;01/10/2026;10:15:14;2872;svchost.exe;running;0.00;NORMAL
TORRE-001;SERVIDOR-001;01/10/2026;10:15:14;2924;svchost.exe;running;0.00;NORMAL
TORRE-001;SERVIDOR-001;01/10/2026;10:15:14;2980;SynTPEnhService.exe;running;0.00;NORMAL
TORRE-001;SERVIDOR-001;01/10/2026;10:15:14;3008;svchost.exe;running;0.00;NORMAL
TORRE-001;SERVIDOR-001;01/10/2026;10:15:14;3032;svchost.exe;running;0.00;NORMAL
TORRE-001;SERVIDOR-001;01/10/2026;10:15:14;3120;atiesrxx.exe;running;0.00;NORMAL
TORRE-001;SERVIDOR-001;01/10/2026;10:15:14;3128;amdfendrsr.exe;running;0.00;NORMAL
TORRE-001;SERVIDOR-001;01/10/2026;10:15:14;3144;svchost.exe;running;0.00;NORMAL
TORRE-001;SERVIDOR-001;01/10/2026;10:15:14;3204;RtkAudUService64.exe;running;0.00;NORMAL
TORRE-001;SERVIDOR-001;01/10/2026;10:15:14;3256;Code.exe;running;0.00;NORMAL
TORRE-001;SERVIDOR-001;01/10/2026;10:15:14;3316;svchost.exe;running;0.00;NORMAL
TORRE-001;SERVIDOR-001;01/10/2026;10:15:14;3344;opera.exe;running;0.00;NORMAL
TORRE-001;SERVIDOR-001;01/10/2026;10:15:14;3464;svchost.exe;running;0.00;NORMAL
TORRE-001;SERVIDOR-001;01/10/2026;10:15:14;3468;svchost.exe;running;0.00;NORMAL
TORRE-001;SERVIDOR-001;01/10/2026;10:15:14;3480;svchost.exe;running;0.00;NORMAL
TORRE-001;SERVIDOR-001;01/10/2026;10:15:14;3500;SearchIndexer.exe;running;0.00;NORMAL
TORRE-001;SERVIDOR-001;01/10/2026;10:15:14;3576;MemCompression;running;0.00;NORMAL
TORRE-001;SERVIDOR-001;01/10/2026;10:15:14;3616;svchost.exe;running;0.00;NORMAL
TORRE-001;SERVIDOR-001;01/10/2026;10:15:14;3648;svchost.exe;running;0.00;NORMAL
TORRE-001;SERVIDOR-001;01/10/2026;10:15:14;3656;svchost.exe;running;0.00;NORMAL
TORRE-001;SERVIDOR-001;01/10/2026;10:15:14;3672;opera.exe;running;0.00;NORMAL
TORRE-001;SERVIDOR-001;01/10/2026;10:15:14;3716;svchost.exe;running;0.00;NORMAL
TORRE-001;SERVIDOR-001;01/10/2026;10:15:14;3804;opera.exe;running;0.00;NORMAL
TORRE-001;SERVIDOR-001;01/10/2026;10:15:14;3832;svchost.exe;running;0.00;NORMAL
TORRE-001;SERVIDOR-001;01/10/2026;10:15:14;3860;svchost.exe;running;0.00;NORMAL
TORRE-001;SERVIDOR-001;01/10/2026;10:15:14;3948;svchost.exe;running;0.00;NORMAL
TORRE-001;SERVIDOR-001;01/10/2026;10:15:14;3972;svchost.exe;running;0.00;NORMAL
TORRE-001;SERVIDOR-001;01/10/2026;10:15:14;4092;svchost.exe;running;0.00;NORMAL
TORRE-001;SERVIDOR-001;01/10/2026;10:15:14;4216;spoolsv.exe;running;0.00;NORMAL
TORRE-001;SERVIDOR-001;01/10/2026;10:15:14;4224;wlanext.exe;running;0.00;NORMAL
TORRE-001;SERVIDOR-001;01/10/2026;10:15:14;4268;conhost.exe;running;0.00;NORMAL
TORRE-001;SERVIDOR-001;01/10/2026;10:15:14;4336;svchost.exe;running;0.00;NORMAL
TORRE-001;SERVIDOR-001;01/10/2026;10:15:14;4436;SecurityHealthService.exe;running;0.00;NORMAL
TORRE-001;SERVIDOR-001;01/10/2026;10:15:14;4448;svchost.exe;running;0.00;NORMAL
TORRE-001;SERVIDOR-001;01/10/2026;10:15:14;4608;DAX3API.exe;running;0.00;NORMAL
TORRE-001;SERVIDOR-001;01/10/2026;10:15:14;4620;svchost.exe;running;0.00;NORMAL
TORRE-001;SERVIDOR-001;01/10/2026;10:15:14;4628;svchost.exe;running;0.00;NORMAL
TORRE-001;SERVIDOR-001;01/10/2026;10:15:14;4640;ibmpmsvc.exe;running;0.00;NORMAL
TORRE-001;SERVIDOR-001;01/10/2026;10:15:14;4648;svchost.exe;running;0.00;NORMAL
TORRE-001;SERVIDOR-001;01/10/2026;10:15:14;4656;svchost.exe;running;0.00;NORMAL
TORRE-001;SERVIDOR-001;01/10/2026;10:15:14;4676;svchost.exe;running;0.00;NORMAL
TORRE-001;SERVIDOR-001;01/10/2026;10:15:14;4692;svchost.exe;running;0.00;NORMAL
TORRE-001;SERVIDOR-001;01/10/2026;10:15:14;4696;SynRpcServer.exe;running;0.00;NORMAL
TORRE-001;SERVIDOR-001;01/10/2026;10:15:14;4720;LITSSvc.exe;running;0.00;NORMAL
TORRE-001;SERVIDOR-001;01/10/2026;10:15:14;4740;MpDefenderCoreService.exe;running;0.00;NORMAL
TORRE-001;SERVIDOR-001;01/10/2026;10:15:14;4748;SmartStandby.exe;running;0.00;NORMAL
TORRE-001;SERVIDOR-001;01/10/2026;10:15:14;4756;mysqld.exe;running;0.00;NORMAL
TORRE-001;SERVIDOR-001;01/10/2026;10:15:14;4772;RtkAudUService64.exe;running;0.00;NORMAL
TORRE-001;SERVIDOR-001;01/10/2026;10:15:14;4780;FMService64.exe;running;0.00;NORMAL
TORRE-001;SERVIDOR-001;01/10/2026;10:15:14;4916;svchost.exe;running;0.00;NORMAL
TORRE-001;SERVIDOR-001;01/10/2026;10:15:14;5196;svchost.exe;running;0.00;NORMAL
TORRE-001;SERVIDOR-001;01/10/2026;10:15:14;5232;svchost.exe;running;0.00;NORMAL
TORRE-001;SERVIDOR-001;01/10/2026;10:15:14;5284;svchost.exe;running;0.00;NORMAL
TORRE-001;SERVIDOR-001;01/10/2026;10:15:14;5316;tphkload.exe;running;0.00;NORMAL
TORRE-001;SERVIDOR-001;01/10/2026;10:15:14;5344;mysqld.exe;running;0.00;NORMAL
TORRE-001;SERVIDOR-001;01/10/2026;10:15:14;5392;conhost.exe;running;0.00;NORMAL
TORRE-001;SERVIDOR-001;01/10/2026;10:15:14;5480;RuntimeBroker.exe;running;0.00;NORMAL
TORRE-001;SERVIDOR-001;01/10/2026;10:15:14;5612;svchost.exe;running;0.00;NORMAL
TORRE-001;SERVIDOR-001;01/10/2026;10:15:14;5808;RuntimeBroker.exe;running;0.00;NORMAL
TORRE-001;SERVIDOR-001;01/10/2026;10:15:14;5984;svchost.exe;running;0.00;NORMAL
TORRE-001;SERVIDOR-001;01/10/2026;10:15:14;6076;svchost.exe;running;0.00;NORMAL
TORRE-001;SERVIDOR-001;01/10/2026;10:15:14;6080;svchost.exe;running;0.00;NORMAL
TORRE-001;SERVIDOR-001;01/10/2026;10:15:14;6216;svchost.exe;running;0.00;NORMAL
TORRE-001;SERVIDOR-001;01/10/2026;10:15:14;6236;dllhost.exe;running;0.00;NORMAL
TORRE-001;SERVIDOR-001;01/10/2026;10:15:14;6288;svchost.exe;running;0.00;NORMAL
TORRE-001;SERVIDOR-001;01/10/2026;10:15:14;6552;svchost.exe;running;0.00;NORMAL
TORRE-001;SERVIDOR-001;01/10/2026;10:15:14;6616;NisSrv.exe;running;0.00;NORMAL
TORRE-001;SERVIDOR-001;01/10/2026;10:15:14;6628;browser_assistant.exe;running;0.00;NORMAL
TORRE-001;SERVIDOR-001;01/10/2026;10:15:14;6668;RuntimeBroker.exe;running;0.00;NORMAL
TORRE-001;SERVIDOR-001;01/10/2026;10:15:14;6724;opera.exe;running;0.00;NORMAL
TORRE-001;SERVIDOR-001;01/10/2026;10:15:14;6796;opera.exe;running;0.00;NORMAL
TORRE-001;SERVIDOR-001;01/10/2026;10:15:14;6912;powershell.exe;running;0.00;NORMAL
TORRE-001;SERVIDOR-001;01/10/2026;10:15:14;6924;svchost.exe;running;0.00;NORMAL
TORRE-001;SERVIDOR-001;01/10/2026;10:15:14;6960;svchost.exe;running;0.00;NORMAL
TORRE-001;SERVIDOR-001;01/10/2026;10:15:14;6964;pet.exe;running;0.00;NORMAL
TORRE-001;SERVIDOR-001;01/10/2026;10:15:14;6984;MoUsoCoreWorker.exe;running;0.00;NORMAL
TORRE-001;SERVIDOR-001;01/10/2026;10:15:14;6996;svchost.exe;running;0.00;NORMAL
TORRE-001;SERVIDOR-001;01/10/2026;10:15:14;7184;powershell.exe;running;0.00;NORMAL
TORRE-001;SERVIDOR-001;01/10/2026;10:15:14;7312;svchost.exe;running;0.00;NORMAL
TORRE-001;SERVIDOR-001;01/10/2026;10:15:14;7376;RtkAudUService64.exe;running;0.00;NORMAL
TORRE-001;SERVIDOR-001;01/10/2026;10:15:14;7700;LinkedIn.exe;running;0.00;NORMAL
TORRE-001;SERVIDOR-001;01/10/2026;10:15:14;7848;svchost.exe;running;0.00;NORMAL
TORRE-001;SERVIDOR-001;01/10/2026;10:15:14;7896;WUDFHost.exe;running;0.00;NORMAL
TORRE-001;SERVIDOR-001;01/10/2026;10:15:14;8104;OpenConsole.exe;running;0.00;NORMAL
TORRE-001;SERVIDOR-001;01/10/2026;10:15:14;8592;svchost.exe;running;0.00;NORMAL
TORRE-001;SERVIDOR-001;01/10/2026;10:15:14;8652;opera.exe;running;0.00;NORMAL
TORRE-001;SERVIDOR-001;01/10/2026;10:15:14;8816;svchost.exe;running;0.00;NORMAL
TORRE-001;SERVIDOR-001;01/10/2026;10:15:14;8836;RadeonSoftware.exe;running;0.00;NORMAL
TORRE-001;SERVIDOR-001;01/10/2026;10:15:14;9292;svchost.exe;running;0.00;NORMAL
TORRE-001;SERVIDOR-001;01/10/2026;10:15:14;9380;opera.exe;running;0.00;NORMAL
TORRE-001;SERVIDOR-001;01/10/2026;10:15:14;9392;svchost.exe;running;0.00;NORMAL
TORRE-001;SERVIDOR-001;01/10/2026;10:15:14;9516;powershell.exe;running;0.00;NORMAL
TORRE-001;SERVIDOR-001;01/10/2026;10:15:14;9536;msedgewebview2.exe;running;0.00;NORMAL
TORRE-001;SERVIDOR-001;01/10/2026;10:15:14;9696;git-bash.exe;running;0.00;NORMAL
TORRE-001;SERVIDOR-001;01/10/2026;10:15:14;9748;winlogon.exe;running;0.00;NORMAL
TORRE-001;SERVIDOR-001;01/10/2026;10:15:14;9752;PowerMgr.exe;running;0.00;NORMAL
TORRE-001;SERVIDOR-001;01/10/2026;10:15:14;9820;steamwebhelper.exe;running;0.00;NORMAL
TORRE-001;SERVIDOR-001;01/10/2026;10:15:14;9936;steamservice.exe;running;0.00;NORMAL
TORRE-001;SERVIDOR-001;01/10/2026;10:15:14;9964;msedgewebview2.exe;running;0.00;NORMAL
TORRE-001;SERVIDOR-001;01/10/2026;10:15:14;10148;powershell.exe;running;0.00;NORMAL
TORRE-001;SERVIDOR-001;01/10/2026;10:15:14;10156;svchost.exe;running;0.00;NORMAL
TORRE-001;SERVIDOR-001;01/10/2026;10:15:14;10224;msedgewebview2.exe;running;0.00;NORMAL
TORRE-001;SERVIDOR-001;01/10/2026;10:15:14;10316;Code.exe;running;0.00;NORMAL
TORRE-001;SERVIDOR-001;01/10/2026;10:15:14;10400;CodeSetup-stable-07f806f999227108933c2e30515b26eecc1fda74.exe;running;0.00;NORMAL
TORRE-001;SERVIDOR-001;01/10/2026;10:15:14;10404;opera.exe;running;0.00;NORMAL
TORRE-001;SERVIDOR-001;01/10/2026;10:15:14;10452;opera.exe;running;0.00;NORMAL
TORRE-001;SERVIDOR-001;01/10/2026;10:15:14;10540;AMDRSServ.exe;running;0.00;NORMAL
TORRE-001;SERVIDOR-001;01/10/2026;10:15:14;10648;WUDFHost.exe;running;0.00;NORMAL
TORRE-001;SERVIDOR-001;01/10/2026;10:15:14;10760;SynTPHelper.exe;running;0.00;NORMAL
TORRE-001;SERVIDOR-001;01/10/2026;10:15:14;10764;svchost.exe;running;0.00;NORMAL
TORRE-001;SERVIDOR-001;01/10/2026;10:15:14;10788;msedgewebview2.exe;running;0.00;NORMAL
TORRE-001;SERVIDOR-001;01/10/2026;10:15:14;10920;msedgewebview2.exe;running;0.00;NORMAL
TORRE-001;SERVIDOR-001;01/10/2026;10:15:14;11204;svchost.exe;running;0.00;NORMAL
TORRE-001;SERVIDOR-001;01/10/2026;10:15:14;11272;msedgewebview2.exe;running;0.00;NORMAL
TORRE-001;SERVIDOR-001;01/10/2026;10:15:14;11324;svchost.exe;running;0.00;NORMAL
TORRE-001;SERVIDOR-001;01/10/2026;10:15:14;11408;Code.exe;running;0.00;NORMAL
TORRE-001;SERVIDOR-001;01/10/2026;10:15:14;11568;svchost.exe;running;0.00;NORMAL
TORRE-001;SERVIDOR-001;01/10/2026;10:15:14;11592;Code.exe;running;0.00;NORMAL
TORRE-001;SERVIDOR-001;01/10/2026;10:15:14;11724;svchost.exe;running;0.00;NORMAL
TORRE-001;SERVIDOR-001;01/10/2026;10:15:14;12240;SnippingTool.exe;running;0.00;NORMAL
TORRE-001;SERVIDOR-001;01/10/2026;10:15:14;12604;svchost.exe;running;0.00;NORMAL
TORRE-001;SERVIDOR-001;01/10/2026;10:15:14;12852;Code.exe;running;0.00;NORMAL
TORRE-001;SERVIDOR-001;01/10/2026;10:15:14;12976;opera.exe;running;0.00;NORMAL
TORRE-001;SERVIDOR-001;01/10/2026;10:15:14;13056;DefenderSessionHelper.exe;running;0.00;NORMAL
TORRE-001;SERVIDOR-001;01/10/2026;10:15:14;13372;opera.exe;running;0.00;NORMAL
TORRE-001;SERVIDOR-001;01/10/2026;10:15:14;13388;bash.exe;running;0.00;NORMAL
TORRE-001;SERVIDOR-001;01/10/2026;10:15:14;13488;steamwebhelper.exe;running;0.00;NORMAL
TORRE-001;SERVIDOR-001;01/10/2026;10:15:14;13728;msedgewebview2.exe;running;0.00;NORMAL
TORRE-001;SERVIDOR-001;01/10/2026;10:15:14;13792;opera.exe;running;0.00;NORMAL
TORRE-001;SERVIDOR-001;01/10/2026;10:15:14;13864;svchost.exe;running;0.00;NORMAL
TORRE-001;SERVIDOR-001;01/10/2026;10:15:14;14096;opera.exe;running;0.00;NORMAL
TORRE-001;SERVIDOR-001;01/10/2026;10:15:14;14184;SystemSettingsBroker.exe;running;0.00;NORMAL
TORRE-001;SERVIDOR-001;01/10/2026;10:15:14;14196;svchost.exe;running;0.00;NORMAL
TORRE-001;SERVIDOR-001;01/10/2026;10:15:14;14316;dllhost.exe;running;0.00;NORMAL
TORRE-001;SERVIDOR-001;01/10/2026;10:15:14;14376;WidgetService.exe;running;0.00;NORMAL
TORRE-001;SERVIDOR-001;01/10/2026;10:15:14;14508;opera.exe;running;0.00;NORMAL
TORRE-001;SERVIDOR-001;01/10/2026;10:15:14;14516;opera.exe;running;0.00;NORMAL
TORRE-001;SERVIDOR-001;01/10/2026;10:15:14;14940;Code.exe;running;0.00;NORMAL
TORRE-001;SERVIDOR-001;01/10/2026;10:15:14;14952;msedgewebview2.exe;running;0.00;NORMAL
TORRE-001;SERVIDOR-001;01/10/2026;10:15:14;14996;svchost.exe;running;0.00;NORMAL
TORRE-001;SERVIDOR-001;01/10/2026;10:15:14;15012;svchost.exe;running;0.00;NORMAL
TORRE-001;SERVIDOR-001;01/10/2026;10:15:14;15076;svchost.exe;running;0.00;NORMAL
TORRE-001;SERVIDOR-001;01/10/2026;10:15:14;15084;msedgewebview2.exe;running;0.00;NORMAL
TORRE-001;SERVIDOR-001;01/10/2026;10:15:14;15092;wallpaper64.exe;running;0.00;NORMAL
TORRE-001;SERVIDOR-001;01/10/2026;10:15:14;15112;PhoneExperienceHost.exe;running;0.00;NORMAL
TORRE-001;SERVIDOR-001;01/10/2026;10:15:14;15260;audiodg.exe;running;0.00;NORMAL
TORRE-001;SERVIDOR-001;01/10/2026;10:15:14;15356;conhost.exe;running;0.00;NORMAL
TORRE-001;SERVIDOR-001;01/10/2026;10:15:14;15372;svchost.exe;running;0.00;NORMAL
TORRE-001;SERVIDOR-001;01/10/2026;10:15:14;15512;svchost.exe;running;0.00;NORMAL
TORRE-001;SERVIDOR-001;01/10/2026;10:15:14;15612;shtctky.exe;running;0.00;NORMAL
TORRE-001;SERVIDOR-001;01/10/2026;10:15:14;15804;RuntimeBroker.exe;running;0.00;NORMAL
TORRE-001;SERVIDOR-001;01/10/2026;10:15:14;15820;steamwebhelper.exe;running;0.00;NORMAL
TORRE-001;SERVIDOR-001;01/10/2026;10:15:14;15864;OneDrive.exe;running;0.00;NORMAL
TORRE-001;SERVIDOR-001;01/10/2026;10:15:14;15940;Widgets.exe;running;0.00;NORMAL
TORRE-001;SERVIDOR-001;01/10/2026;10:15:14;16120;SecurityHealthSystray.exe;running;0.00;NORMAL
TORRE-001;SERVIDOR-001;01/10/2026;10:15:14;16164;Code.exe;running;0.00;NORMAL
TORRE-001;SERVIDOR-001;01/10/2026;10:15:14;16192;RuntimeBroker.exe;running;0.00;NORMAL
TORRE-001;SERVIDOR-001;01/10/2026;10:15:14;16260;opera.exe;running;0.00;NORMAL
TORRE-001;SERVIDOR-001;01/10/2026;10:15:14;16304;fontdrvhost.exe;running;0.00;NORMAL
TORRE-001;SERVIDOR-001;01/10/2026;10:15:14;16324;opera.exe;running;0.00;NORMAL
TORRE-001;SERVIDOR-001;01/10/2026;10:15:14;16428;msedgewebview2.exe;running;0.00;NORMAL
TORRE-001;SERVIDOR-001;01/10/2026;10:15:14;16464;Code.exe;running;0.00;NORMAL
TORRE-001;SERVIDOR-001;01/10/2026;10:15:14;16468;steamwebhelper.exe;running;0.00;NORMAL
TORRE-001;SERVIDOR-001;01/10/2026;10:15:14;16520;MySQLWorkbench.exe;running;0.00;NORMAL
TORRE-001;SERVIDOR-001;01/10/2026;10:15:14;16620;CodeSetup-stable-07f806f999227108933c2e30515b26eecc1fda74.tmp;running;0.00;NORMAL
TORRE-001;SERVIDOR-001;01/10/2026;10:15:14;16696;msedge.exe;running;0.00;NORMAL
TORRE-001;SERVIDOR-001;01/10/2026;10:15:14;16720;steamwebhelper.exe;running;0.00;NORMAL
TORRE-001;SERVIDOR-001;01/10/2026;10:15:14;16724;opera.exe;running;0.00;NORMAL
TORRE-001;SERVIDOR-001;01/10/2026;10:15:14;17064;opera.exe;running;0.00;NORMAL
TORRE-001;SERVIDOR-001;01/10/2026;10:15:14;17156;conhost.exe;running;0.00;NORMAL
TORRE-001;SERVIDOR-001;01/10/2026;10:15:14;17536;RuntimeBroker.exe;running;0.00;NORMAL
TORRE-001;SERVIDOR-001;01/10/2026;10:15:14;17552;svchost.exe;running;0.00;NORMAL
TORRE-001;SERVIDOR-001;01/10/2026;10:15:14;17588;opera.exe;running;0.00;NORMAL
TORRE-001;SERVIDOR-001;01/10/2026;10:15:14;17644;sihost.exe;running;0.00;NORMAL
TORRE-001;SERVIDOR-001;01/10/2026;10:15:14;17816;msedge.exe;running;0.00;NORMAL
TORRE-001;SERVIDOR-001;01/10/2026;10:15:14;17972;AMDRSSrcExt.exe;running;0.00;NORMAL
TORRE-001;SERVIDOR-001;01/10/2026;10:15:14;18088;CalculatorApp.exe;running;0.00;NORMAL
TORRE-001;SERVIDOR-001;01/10/2026;10:15:14;18104;cncmd.exe;running;0.00;NORMAL
TORRE-001;SERVIDOR-001;01/10/2026;10:15:14;18172;msedgewebview2.exe;running;0.00;NORMAL
TORRE-001;SERVIDOR-001;01/10/2026;10:15:14;18472;CrossDeviceService.exe;running;0.00;NORMAL
TORRE-001;SERVIDOR-001;01/10/2026;10:15:14;18856;Code.exe;running;0.00;NORMAL
TORRE-001;SERVIDOR-001;01/10/2026;10:15:14;18880;msedgewebview2.exe;running;0.00;NORMAL
TORRE-001;SERVIDOR-001;01/10/2026;10:15:14;18896;svchost.exe;running;0.00;NORMAL
TORRE-001;SERVIDOR-001;01/10/2026;10:15:14;18912;opera.exe;running;0.00;NORMAL
TORRE-001;SERVIDOR-001;01/10/2026;10:15:14;19140;Code.exe;running;0.00;NORMAL
TORRE-001;SERVIDOR-001;01/10/2026;10:15:14;19160;opera.exe;running;0.00;NORMAL
TORRE-001;SERVIDOR-001;01/10/2026;10:15:14;19196;msedgewebview2.exe;running;0.00;NORMAL
TORRE-001;SERVIDOR-001;01/10/2026;10:15:14;19200;StartMenuExperienceHost.exe;running;0.00;NORMAL
TORRE-001;SERVIDOR-001;01/10/2026;10:15:14;19216;ApplicationFrameHost.exe;running;0.00;NORMAL
TORRE-001;SERVIDOR-001;01/10/2026;10:15:14;19272;ShellExperienceHost.exe;stopped;0.00;NORMAL
TORRE-001;SERVIDOR-001;01/10/2026;10:15:14;19284;conhost.exe;running;0.00;NORMAL
TORRE-001;SERVIDOR-001;01/10/2026;10:15:14;19608;svchost.exe;running;0.00;NORMAL
TORRE-001;SERVIDOR-001;01/10/2026;10:15:14;19632;svchost.exe;running;0.00;NORMAL
TORRE-001;SERVIDOR-001;01/10/2026;10:15:14;19780;opera.exe;running;0.00;NORMAL
TORRE-001;SERVIDOR-001;01/10/2026;10:15:14;19788;msedgewebview2.exe;running;0.00;NORMAL
TORRE-001;SERVIDOR-001;01/10/2026;10:15:14;19880;opera.exe;running;0.00;NORMAL
TORRE-001;SERVIDOR-001;01/10/2026;10:15:14;19912;svchost.exe;running;0.00;NORMAL
TORRE-001;SERVIDOR-001;01/10/2026;10:15:14;19956;msedgewebview2.exe;running;0.00;NORMAL
TORRE-001;SERVIDOR-001;01/10/2026;10:15:14;20212;Code.exe;running;0.00;NORMAL
TORRE-001;SERVIDOR-001;01/10/2026;10:15:14;20328;opera.exe;running;0.00;NORMAL
TORRE-001;SERVIDOR-001;01/10/2026;10:15:14;20412;svchost.exe;running;0.00;NORMAL
TORRE-001;SERVIDOR-001;01/10/2026;10:15:14;20440;opera.exe;running;0.00;NORMAL
TORRE-001;SERVIDOR-001;01/10/2026;10:15:14;20512;TranslucentTB.exe;running;0.00;NORMAL
TORRE-001;SERVIDOR-001;01/10/2026;10:15:14;20624;msedgewebview2.exe;running;0.00;NORMAL
TORRE-001;SERVIDOR-001;01/10/2026;10:15:14;20708;CastSrv.exe;running;0.00;NORMAL
TORRE-001;SERVIDOR-001;01/10/2026;10:15:14;20768;SystemSettings.exe;stopped;0.00;NORMAL
TORRE-001;SERVIDOR-001;01/10/2026;10:15:14;20812;RuntimeBroker.exe;running;0.00;NORMAL
TORRE-001;SERVIDOR-001;01/10/2026;10:15:14;20888;svchost.exe;running;0.00;NORMAL
TORRE-001;SERVIDOR-001;01/10/2026;10:15:14;20904;conhost.exe;running;0.00;NORMAL
TORRE-001;SERVIDOR-001;01/10/2026;10:15:14;20988;opera.exe;running;0.00;NORMAL
TORRE-001;SERVIDOR-001;01/10/2026;10:15:14;21020;svchost.exe;running;0.00;NORMAL
TORRE-001;SERVIDOR-001;01/10/2026;10:15:14;21264;msedgewebview2.exe;running;0.00;NORMAL
TORRE-001;SERVIDOR-001;01/10/2026;10:15:14;21624;svchost.exe;running;0.00;NORMAL
TORRE-001;SERVIDOR-001;01/10/2026;10:15:14;21692;opera.exe;running;0.00;NORMAL
TORRE-001;SERVIDOR-001;01/10/2026;10:15:14;21756;RuntimeBroker.exe;running;0.00;NORMAL
TORRE-001;SERVIDOR-001;01/10/2026;10:15:14;21956;svchost.exe;running;0.00;NORMAL
TORRE-001;SERVIDOR-001;01/10/2026;10:15:14;22076;Code.exe;running;0.00;NORMAL
TORRE-001;SERVIDOR-001;01/10/2026;10:15:14;22156;browser_assistant.exe;running;0.00;NORMAL
TORRE-001;SERVIDOR-001;01/10/2026;10:15:14;22228;msedgewebview2.exe;running;0.00;NORMAL
TORRE-001;SERVIDOR-001;01/10/2026;10:15:14;22296;LockApp.exe;stopped;0.00;NORMAL
TORRE-001;SERVIDOR-001;01/10/2026;10:15:14;22480;jetbrainsd.exe;running;0.00;NORMAL
TORRE-001;SERVIDOR-001;01/10/2026;10:15:14;22504;msedgewebview2.exe;running;0.00;NORMAL
TORRE-001;SERVIDOR-001;01/10/2026;10:15:14;22632;jetbrains-toolbox.exe;running;0.00;NORMAL
TORRE-001;SERVIDOR-001;01/10/2026;10:15:14;22688;taskhostw.exe;running;0.00;NORMAL
TORRE-001;SERVIDOR-001;01/10/2026;10:15:14;22696;opera.exe;running;0.00;NORMAL
TORRE-001;SERVIDOR-001;01/10/2026;10:15:14;22852;Code.exe;running;0.00;NORMAL
TORRE-001;SERVIDOR-001;01/10/2026;10:15:14;22920;dllhost.exe;running;0.00;NORMAL
TORRE-001;SERVIDOR-001;01/10/2026;10:15:14;22940;msedge.exe;running;0.00;NORMAL
TORRE-001;SERVIDOR-001;01/10/2026;10:15:14;23088;opera_crashreporter.exe;running;0.00;NORMAL
TORRE-001;SERVIDOR-001;01/10/2026;10:15:14;23116;RuntimeBroker.exe;running;0.00;NORMAL
TORRE-001;SERVIDOR-001;01/10/2026;10:15:14;23212;opera.exe;running;0.00;NORMAL
TORRE-001;SERVIDOR-001;01/10/2026;10:15:14;23424;OpenConsole.exe;running;0.00;NORMAL
TORRE-001;SERVIDOR-001;01/10/2026;10:15:14;23436;unsecapp.exe;running;0.00;NORMAL
TORRE-001;SERVIDOR-001;01/10/2026;10:15:14;23452;Notepad.exe;running;0.00;NORMAL
TORRE-001;SERVIDOR-001;01/10/2026;10:15:14;23488;opera.exe;running;0.00;NORMAL
TORRE-001;SERVIDOR-001;01/10/2026;10:15:14;23516;opera.exe;running;0.00;NORMAL
TORRE-001;SERVIDOR-001;01/10/2026;10:15:14;23580;DAX3API.exe;running;0.00;NORMAL
TORRE-001;SERVIDOR-001;01/10/2026;10:15:14;23780;RuntimeBroker.exe;running;0.00;NORMAL
TORRE-001;SERVIDOR-001;01/10/2026;10:15:14;23856;tposd.exe;running;0.00;NORMAL
TORRE-001;SERVIDOR-001;01/10/2026;10:15:14;23944;Code.exe;running;0.00;NORMAL
TORRE-001;SERVIDOR-001;01/10/2026;10:15:14;24284;svchost.exe;running;0.00;NORMAL
TORRE-001;SERVIDOR-001;01/10/2026;10:15:14;24660;Code.exe;running;0.00;NORMAL
TORRE-001;SERVIDOR-001;01/10/2026;10:15:14;24768;TextInputHost.exe;running;0.00;NORMAL
TORRE-001;SERVIDOR-001;01/10/2026;10:15:14;25092;msedgewebview2.exe;running;0.00;NORMAL
TORRE-001;SERVIDOR-001;01/10/2026;10:15:14;25616;msedge.exe;running;0.00;NORMAL
TORRE-001;SERVIDOR-001;01/10/2026;10:15:14;25960;Code.exe;running;0.00;NORMAL
TORRE-001;SERVIDOR-001;01/10/2026;10:15:14;25980;Code.exe;running;0.00;NORMAL
TORRE-001;SERVIDOR-001;01/10/2026;10:15:14;26172;ctfmon.exe;running;0.00;NORMAL
TORRE-001;SERVIDOR-001;01/10/2026;10:15:14;26224;opera.exe;running;0.00;NORMAL
TORRE-001;SERVIDOR-001;01/10/2026;10:15:14;26428;opera.exe;running;0.00;NORMAL
TORRE-001;SERVIDOR-001;01/10/2026;10:15:14;26480;opera.exe;running;0.00;NORMAL
TORRE-001;SERVIDOR-001;01/10/2026;10:15:14;26512;OneDrive.Sync.Service.exe;running;0.00;NORMAL
TORRE-001;SERVIDOR-001;01/10/2026;10:15:25;0;System Idle Process;running;95.27;CRITICO
TORRE-001;SERVIDOR-001;01/10/2026;10:15:25;7036;python.exe;running;1.85;NORMAL
TORRE-001;SERVIDOR-001;01/10/2026;10:15:25;17304;WmiPrvSE.exe;running;0.83;NORMAL
TORRE-001;SERVIDOR-001;01/10/2026;10:15:25;15332;Taskmgr.exe;running;0.69;NORMAL
TORRE-001;SERVIDOR-001;01/10/2026;10:15:25;4088;Code.exe;running;0.23;NORMAL
TORRE-001;SERVIDOR-001;01/10/2026;10:15:25;22632;jetbrains-toolbox.exe;running;0.13;NORMAL
TORRE-001;SERVIDOR-001;01/10/2026;10:15:25;25708;Code.exe;running;0.13;NORMAL
TORRE-001;SERVIDOR-001;01/10/2026;10:15:25;7536;SynTPEnh.exe;running;0.11;NORMAL
TORRE-001;SERVIDOR-001;01/10/2026;10:15:25;17892;dwm.exe;running;0.10;NORMAL
TORRE-001;SERVIDOR-001;01/10/2026;10:15:25;4;System;running;0.07;NORMAL
TORRE-001;SERVIDOR-001;01/10/2026;10:15:25;8680;mintty.exe;running;0.07;NORMAL
TORRE-001;SERVIDOR-001;01/10/2026;10:15:25;4668;svchost.exe;running;0.05;NORMAL
TORRE-001;SERVIDOR-001;01/10/2026;10:15:25;25980;Code.exe;running;0.05;NORMAL
TORRE-001;SERVIDOR-001;01/10/2026;10:15:25;13212;steamwebhelper.exe;running;0.03;NORMAL
TORRE-001;SERVIDOR-001;01/10/2026;10:15:25;14796;GameBarFTServer.exe;running;0.03;NORMAL
TORRE-001;SERVIDOR-001;01/10/2026;10:15:25;19176;csrss.exe;running;0.03;NORMAL
TORRE-001;SERVIDOR-001;01/10/2026;10:15:25;18296;steam.exe;running;0.02;NORMAL
TORRE-001;SERVIDOR-001;01/10/2026;10:15:25;2448;svchost.exe;running;0.01;NORMAL
TORRE-001;SERVIDOR-001;01/10/2026;10:15:25;2980;SynTPEnhService.exe;running;0.01;NORMAL
TORRE-001;SERVIDOR-001;01/10/2026;10:15:25;3344;opera.exe;running;0.01;NORMAL
TORRE-001;SERVIDOR-001;01/10/2026;10:15:25;13372;opera.exe;running;0.01;NORMAL
TORRE-001;SERVIDOR-001;01/10/2026;10:15:25;13860;GameBar.exe;running;0.01;NORMAL
TORRE-001;SERVIDOR-001;01/10/2026;10:15:25;21020;svchost.exe;running;0.01;NORMAL
TORRE-001;SERVIDOR-001;01/10/2026;10:15:25;23368;Code.exe;running;0.01;NORMAL
TORRE-001;SERVIDOR-001;01/10/2026;10:15:25;23488;opera.exe;running;0.01;NORMAL
TORRE-001;SERVIDOR-001;01/10/2026;10:15:25;140;desconhecido;stopped;0.00;NORMAL
TORRE-001;SERVIDOR-001;01/10/2026;10:15:25;176;Registry;running;0.00;NORMAL
TORRE-001;SERVIDOR-001;01/10/2026;10:15:25;648;smss.exe;running;0.00;NORMAL
TORRE-001;SERVIDOR-001;01/10/2026;10:15:25;708;opera.exe;running;0.00;NORMAL
TORRE-001;SERVIDOR-001;01/10/2026;10:15:25;724;csrss.exe;running;0.00;NORMAL
TORRE-001;SERVIDOR-001;01/10/2026;10:15:25;860;msedge.exe;running;0.00;NORMAL
TORRE-001;SERVIDOR-001;01/10/2026;10:15:25;872;Code.exe;running;0.00;NORMAL
TORRE-001;SERVIDOR-001;01/10/2026;10:15:25;1148;svchost.exe;running;0.00;NORMAL
TORRE-001;SERVIDOR-001;01/10/2026;10:15:25;1152;wininit.exe;running;0.00;NORMAL
TORRE-001;SERVIDOR-001;01/10/2026;10:15:25;1232;services.exe;running;0.00;NORMAL
TORRE-001;SERVIDOR-001;01/10/2026;10:15:25;1280;msedgewebview2.exe;running;0.00;NORMAL
TORRE-001;SERVIDOR-001;01/10/2026;10:15:25;1292;msedgewebview2.exe;running;0.00;NORMAL
TORRE-001;SERVIDOR-001;01/10/2026;10:15:25;1316;LsaIso.exe;running;0.00;NORMAL
TORRE-001;SERVIDOR-001;01/10/2026;10:15:25;1332;lsass.exe;running;0.00;NORMAL
TORRE-001;SERVIDOR-001;01/10/2026;10:15:25;1344;svchost.exe;running;0.00;NORMAL
TORRE-001;SERVIDOR-001;01/10/2026;10:15:25;1396;svchost.exe;running;0.00;NORMAL
TORRE-001;SERVIDOR-001;01/10/2026;10:15:25;1436;AggregatorHost.exe;running;0.00;NORMAL
TORRE-001;SERVIDOR-001;01/10/2026;10:15:25;1460;svchost.exe;running;0.00;NORMAL
TORRE-001;SERVIDOR-001;01/10/2026;10:15:25;1488;fontdrvhost.exe;running;0.00;NORMAL
TORRE-001;SERVIDOR-001;01/10/2026;10:15:25;1504;svchost.exe;running;0.00;NORMAL
TORRE-001;SERVIDOR-001;01/10/2026;10:15:25;1512;steamwebhelper.exe;running;0.00;NORMAL
TORRE-001;SERVIDOR-001;01/10/2026;10:15:25;1552;WUDFHost.exe;running;0.00;NORMAL
TORRE-001;SERVIDOR-001;01/10/2026;10:15:25;1620;svchost.exe;running;0.00;NORMAL
TORRE-001;SERVIDOR-001;01/10/2026;10:15:25;1704;svchost.exe;running;0.00;NORMAL
TORRE-001;SERVIDOR-001;01/10/2026;10:15:25;1728;svchost.exe;running;0.00;NORMAL
TORRE-001;SERVIDOR-001;01/10/2026;10:15:25;1784;svchost.exe;running;0.00;NORMAL
TORRE-001;SERVIDOR-001;01/10/2026;10:15:25;1836;SearchHost.exe;stopped;0.00;NORMAL
TORRE-001;SERVIDOR-001;01/10/2026;10:15:25;1852;svchost.exe;running;0.00;NORMAL
TORRE-001;SERVIDOR-001;01/10/2026;10:15:25;1896;svchost.exe;running;0.00;NORMAL
TORRE-001;SERVIDOR-001;01/10/2026;10:15:25;1912;svchost.exe;running;0.00;NORMAL
TORRE-001;SERVIDOR-001;01/10/2026;10:15:25;1924;svchost.exe;running;0.00;NORMAL
TORRE-001;SERVIDOR-001;01/10/2026;10:15:25;2012;svchost.exe;running;0.00;NORMAL
TORRE-001;SERVIDOR-001;01/10/2026;10:15:25;2112;svchost.exe;running;0.00;NORMAL
TORRE-001;SERVIDOR-001;01/10/2026;10:15:25;2188;FileCoAuth.exe;running;0.00;NORMAL
TORRE-001;SERVIDOR-001;01/10/2026;10:15:25;2216;svchost.exe;running;0.00;NORMAL
TORRE-001;SERVIDOR-001;01/10/2026;10:15:25;2344;opera.exe;running;0.00;NORMAL
TORRE-001;SERVIDOR-001;01/10/2026;10:15:25;2420;svchost.exe;running;0.00;NORMAL
TORRE-001;SERVIDOR-001;01/10/2026;10:15:25;2428;UserOOBEBroker.exe;running;0.00;NORMAL
TORRE-001;SERVIDOR-001;01/10/2026;10:15:25;2508;svchost.exe;running;0.00;NORMAL
TORRE-001;SERVIDOR-001;01/10/2026;10:15:25;2596;svchost.exe;running;0.00;NORMAL
TORRE-001;SERVIDOR-001;01/10/2026;10:15:25;2716;powershell.exe;running;0.00;NORMAL
TORRE-001;SERVIDOR-001;01/10/2026;10:15:25;2752;OpenConsole.exe;running;0.00;NORMAL
TORRE-001;SERVIDOR-001;01/10/2026;10:15:25;2768;svchost.exe;running;0.00;NORMAL
TORRE-001;SERVIDOR-001;01/10/2026;10:15:25;2772;svchost.exe;running;0.00;NORMAL
TORRE-001;SERVIDOR-001;01/10/2026;10:15:25;2872;svchost.exe;running;0.00;NORMAL
TORRE-001;SERVIDOR-001;01/10/2026;10:15:25;2924;svchost.exe;running;0.00;NORMAL
TORRE-001;SERVIDOR-001;01/10/2026;10:15:25;3008;svchost.exe;running;0.00;NORMAL
TORRE-001;SERVIDOR-001;01/10/2026;10:15:25;3032;svchost.exe;running;0.00;NORMAL
TORRE-001;SERVIDOR-001;01/10/2026;10:15:25;3120;atiesrxx.exe;running;0.00;NORMAL
TORRE-001;SERVIDOR-001;01/10/2026;10:15:25;3128;amdfendrsr.exe;running;0.00;NORMAL
TORRE-001;SERVIDOR-001;01/10/2026;10:15:25;3144;svchost.exe;running;0.00;NORMAL
TORRE-001;SERVIDOR-001;01/10/2026;10:15:25;3204;RtkAudUService64.exe;running;0.00;NORMAL
TORRE-001;SERVIDOR-001;01/10/2026;10:15:25;3256;Code.exe;running;0.00;NORMAL
TORRE-001;SERVIDOR-001;01/10/2026;10:15:25;3316;svchost.exe;running;0.00;NORMAL
TORRE-001;SERVIDOR-001;01/10/2026;10:15:25;3464;svchost.exe;running;0.00;NORMAL
TORRE-001;SERVIDOR-001;01/10/2026;10:15:25;3468;svchost.exe;running;0.00;NORMAL
TORRE-001;SERVIDOR-001;01/10/2026;10:15:25;3480;svchost.exe;running;0.00;NORMAL
TORRE-001;SERVIDOR-001;01/10/2026;10:15:25;3500;SearchIndexer.exe;running;0.00;NORMAL
TORRE-001;SERVIDOR-001;01/10/2026;10:15:25;3576;MemCompression;running;0.00;NORMAL
TORRE-001;SERVIDOR-001;01/10/2026;10:15:25;3616;svchost.exe;running;0.00;NORMAL
TORRE-001;SERVIDOR-001;01/10/2026;10:15:25;3648;svchost.exe;running;0.00;NORMAL
TORRE-001;SERVIDOR-001;01/10/2026;10:15:25;3656;svchost.exe;running;0.00;NORMAL
TORRE-001;SERVIDOR-001;01/10/2026;10:15:25;3672;opera.exe;running;0.00;NORMAL
TORRE-001;SERVIDOR-001;01/10/2026;10:15:25;3716;svchost.exe;running;0.00;NORMAL
TORRE-001;SERVIDOR-001;01/10/2026;10:15:25;3804;opera.exe;running;0.00;NORMAL
TORRE-001;SERVIDOR-001;01/10/2026;10:15:25;3832;svchost.exe;running;0.00;NORMAL
TORRE-001;SERVIDOR-001;01/10/2026;10:15:25;3860;svchost.exe;running;0.00;NORMAL
TORRE-001;SERVIDOR-001;01/10/2026;10:15:25;3948;svchost.exe;running;0.00;NORMAL
TORRE-001;SERVIDOR-001;01/10/2026;10:15:25;3972;svchost.exe;running;0.00;NORMAL
TORRE-001;SERVIDOR-001;01/10/2026;10:15:25;4092;svchost.exe;running;0.00;NORMAL
TORRE-001;SERVIDOR-001;01/10/2026;10:15:25;4216;spoolsv.exe;running;0.00;NORMAL
TORRE-001;SERVIDOR-001;01/10/2026;10:15:25;4224;wlanext.exe;running;0.00;NORMAL
TORRE-001;SERVIDOR-001;01/10/2026;10:15:25;4268;conhost.exe;running;0.00;NORMAL
TORRE-001;SERVIDOR-001;01/10/2026;10:15:25;4336;svchost.exe;running;0.00;NORMAL
TORRE-001;SERVIDOR-001;01/10/2026;10:15:25;4436;SecurityHealthService.exe;running;0.00;NORMAL
TORRE-001;SERVIDOR-001;01/10/2026;10:15:25;4448;svchost.exe;running;0.00;NORMAL
TORRE-001;SERVIDOR-001;01/10/2026;10:15:25;4608;DAX3API.exe;running;0.00;NORMAL
TORRE-001;SERVIDOR-001;01/10/2026;10:15:25;4620;svchost.exe;running;0.00;NORMAL
TORRE-001;SERVIDOR-001;01/10/2026;10:15:25;4628;svchost.exe;running;0.00;NORMAL
TORRE-001;SERVIDOR-001;01/10/2026;10:15:25;4640;ibmpmsvc.exe;running;0.00;NORMAL
TORRE-001;SERVIDOR-001;01/10/2026;10:15:25;4648;svchost.exe;running;0.00;NORMAL
TORRE-001;SERVIDOR-001;01/10/2026;10:15:25;4656;svchost.exe;running;0.00;NORMAL
TORRE-001;SERVIDOR-001;01/10/2026;10:15:25;4676;svchost.exe;running;0.00;NORMAL
TORRE-001;SERVIDOR-001;01/10/2026;10:15:25;4692;svchost.exe;running;0.00;NORMAL
TORRE-001;SERVIDOR-001;01/10/2026;10:15:25;4696;SynRpcServer.exe;running;0.00;NORMAL
TORRE-001;SERVIDOR-001;01/10/2026;10:15:25;4720;LITSSvc.exe;running;0.00;NORMAL
TORRE-001;SERVIDOR-001;01/10/2026;10:15:25;4740;MpDefenderCoreService.exe;running;0.00;NORMAL
TORRE-001;SERVIDOR-001;01/10/2026;10:15:25;4748;SmartStandby.exe;running;0.00;NORMAL
TORRE-001;SERVIDOR-001;01/10/2026;10:15:25;4756;mysqld.exe;running;0.00;NORMAL
TORRE-001;SERVIDOR-001;01/10/2026;10:15:25;4760;MsMpEng.exe;running;0.00;NORMAL
TORRE-001;SERVIDOR-001;01/10/2026;10:15:25;4772;RtkAudUService64.exe;running;0.00;NORMAL
TORRE-001;SERVIDOR-001;01/10/2026;10:15:25;4780;FMService64.exe;running;0.00;NORMAL
TORRE-001;SERVIDOR-001;01/10/2026;10:15:25;4916;svchost.exe;running;0.00;NORMAL
TORRE-001;SERVIDOR-001;01/10/2026;10:15:25;5036;svchost.exe;running;0.00;NORMAL
TORRE-001;SERVIDOR-001;01/10/2026;10:15:25;5196;svchost.exe;running;0.00;NORMAL
TORRE-001;SERVIDOR-001;01/10/2026;10:15:25;5232;svchost.exe;running;0.00;NORMAL
TORRE-001;SERVIDOR-001;01/10/2026;10:15:25;5284;svchost.exe;running;0.00;NORMAL
TORRE-001;SERVIDOR-001;01/10/2026;10:15:25;5316;tphkload.exe;running;0.00;NORMAL
TORRE-001;SERVIDOR-001;01/10/2026;10:15:25;5344;mysqld.exe;running;0.00;NORMAL
TORRE-001;SERVIDOR-001;01/10/2026;10:15:25;5392;conhost.exe;running;0.00;NORMAL
TORRE-001;SERVIDOR-001;01/10/2026;10:15:25;5480;RuntimeBroker.exe;running;0.00;NORMAL
TORRE-001;SERVIDOR-001;01/10/2026;10:15:25;5612;svchost.exe;running;0.00;NORMAL
TORRE-001;SERVIDOR-001;01/10/2026;10:15:25;5808;RuntimeBroker.exe;running;0.00;NORMAL
TORRE-001;SERVIDOR-001;01/10/2026;10:15:25;5984;svchost.exe;running;0.00;NORMAL
TORRE-001;SERVIDOR-001;01/10/2026;10:15:25;6076;svchost.exe;running;0.00;NORMAL
TORRE-001;SERVIDOR-001;01/10/2026;10:15:25;6080;svchost.exe;running;0.00;NORMAL
TORRE-001;SERVIDOR-001;01/10/2026;10:15:25;6216;svchost.exe;running;0.00;NORMAL
TORRE-001;SERVIDOR-001;01/10/2026;10:15:25;6236;dllhost.exe;running;0.00;NORMAL
TORRE-001;SERVIDOR-001;01/10/2026;10:15:25;6288;svchost.exe;running;0.00;NORMAL
TORRE-001;SERVIDOR-001;01/10/2026;10:15:25;6552;svchost.exe;running;0.00;NORMAL
TORRE-001;SERVIDOR-001;01/10/2026;10:15:25;6616;NisSrv.exe;running;0.00;NORMAL
TORRE-001;SERVIDOR-001;01/10/2026;10:15:25;6628;browser_assistant.exe;running;0.00;NORMAL
TORRE-001;SERVIDOR-001;01/10/2026;10:15:25;6668;RuntimeBroker.exe;running;0.00;NORMAL
TORRE-001;SERVIDOR-001;01/10/2026;10:15:25;6724;opera.exe;running;0.00;NORMAL
TORRE-001;SERVIDOR-001;01/10/2026;10:15:25;6796;opera.exe;running;0.00;NORMAL
TORRE-001;SERVIDOR-001;01/10/2026;10:15:25;6912;powershell.exe;running;0.00;NORMAL
TORRE-001;SERVIDOR-001;01/10/2026;10:15:25;6924;svchost.exe;running;0.00;NORMAL
TORRE-001;SERVIDOR-001;01/10/2026;10:15:25;6960;svchost.exe;running;0.00;NORMAL
TORRE-001;SERVIDOR-001;01/10/2026;10:15:25;6964;pet.exe;running;0.00;NORMAL
TORRE-001;SERVIDOR-001;01/10/2026;10:15:25;6984;MoUsoCoreWorker.exe;running;0.00;NORMAL
TORRE-001;SERVIDOR-001;01/10/2026;10:15:25;6996;svchost.exe;running;0.00;NORMAL
TORRE-001;SERVIDOR-001;01/10/2026;10:15:25;7056;msedgewebview2.exe;running;0.00;NORMAL
TORRE-001;SERVIDOR-001;01/10/2026;10:15:25;7184;powershell.exe;running;0.00;NORMAL
TORRE-001;SERVIDOR-001;01/10/2026;10:15:25;7312;svchost.exe;running;0.00;NORMAL
TORRE-001;SERVIDOR-001;01/10/2026;10:15:25;7376;RtkAudUService64.exe;running;0.00;NORMAL
TORRE-001;SERVIDOR-001;01/10/2026;10:15:25;7700;LinkedIn.exe;running;0.00;NORMAL
TORRE-001;SERVIDOR-001;01/10/2026;10:15:25;7848;svchost.exe;running;0.00;NORMAL
TORRE-001;SERVIDOR-001;01/10/2026;10:15:25;7896;WUDFHost.exe;running;0.00;NORMAL
TORRE-001;SERVIDOR-001;01/10/2026;10:15:25;7984;M365Copilot.exe;running;0.00;NORMAL
TORRE-001;SERVIDOR-001;01/10/2026;10:15:25;8104;OpenConsole.exe;running;0.00;NORMAL
TORRE-001;SERVIDOR-001;01/10/2026;10:15:25;8224;atieclxx.exe;running;0.00;NORMAL
TORRE-001;SERVIDOR-001;01/10/2026;10:15:25;8592;svchost.exe;running;0.00;NORMAL
TORRE-001;SERVIDOR-001;01/10/2026;10:15:25;8652;opera.exe;running;0.00;NORMAL
TORRE-001;SERVIDOR-001;01/10/2026;10:15:25;8816;svchost.exe;running;0.00;NORMAL
TORRE-001;SERVIDOR-001;01/10/2026;10:15:25;8836;RadeonSoftware.exe;running;0.00;NORMAL
TORRE-001;SERVIDOR-001;01/10/2026;10:15:25;9292;svchost.exe;running;0.00;NORMAL
TORRE-001;SERVIDOR-001;01/10/2026;10:15:25;9380;opera.exe;running;0.00;NORMAL
TORRE-001;SERVIDOR-001;01/10/2026;10:15:25;9392;svchost.exe;running;0.00;NORMAL
TORRE-001;SERVIDOR-001;01/10/2026;10:15:25;9516;powershell.exe;running;0.00;NORMAL
TORRE-001;SERVIDOR-001;01/10/2026;10:15:25;9536;msedgewebview2.exe;running;0.00;NORMAL
TORRE-001;SERVIDOR-001;01/10/2026;10:15:25;9696;git-bash.exe;running;0.00;NORMAL
TORRE-001;SERVIDOR-001;01/10/2026;10:15:25;9748;winlogon.exe;running;0.00;NORMAL
TORRE-001;SERVIDOR-001;01/10/2026;10:15:25;9752;PowerMgr.exe;running;0.00;NORMAL
TORRE-001;SERVIDOR-001;01/10/2026;10:15:25;9820;steamwebhelper.exe;running;0.00;NORMAL
TORRE-001;SERVIDOR-001;01/10/2026;10:15:25;9936;steamservice.exe;running;0.00;NORMAL
TORRE-001;SERVIDOR-001;01/10/2026;10:15:25;9964;msedgewebview2.exe;running;0.00;NORMAL
TORRE-001;SERVIDOR-001;01/10/2026;10:15:25;10148;powershell.exe;running;0.00;NORMAL
TORRE-001;SERVIDOR-001;01/10/2026;10:15:25;10156;svchost.exe;running;0.00;NORMAL
TORRE-001;SERVIDOR-001;01/10/2026;10:15:25;10224;msedgewebview2.exe;running;0.00;NORMAL
TORRE-001;SERVIDOR-001;01/10/2026;10:15:25;10316;Code.exe;running;0.00;NORMAL
TORRE-001;SERVIDOR-001;01/10/2026;10:15:25;10400;CodeSetup-stable-07f806f999227108933c2e30515b26eecc1fda74.exe;running;0.00;NORMAL
TORRE-001;SERVIDOR-001;01/10/2026;10:15:25;10404;opera.exe;running;0.00;NORMAL
TORRE-001;SERVIDOR-001;01/10/2026;10:15:25;10452;opera.exe;running;0.00;NORMAL
TORRE-001;SERVIDOR-001;01/10/2026;10:15:25;10540;AMDRSServ.exe;running;0.00;NORMAL
TORRE-001;SERVIDOR-001;01/10/2026;10:15:25;10648;WUDFHost.exe;running;0.00;NORMAL
TORRE-001;SERVIDOR-001;01/10/2026;10:15:25;10716;explorer.exe;running;0.00;NORMAL
TORRE-001;SERVIDOR-001;01/10/2026;10:15:25;10760;SynTPHelper.exe;running;0.00;NORMAL
TORRE-001;SERVIDOR-001;01/10/2026;10:15:25;10764;svchost.exe;running;0.00;NORMAL
TORRE-001;SERVIDOR-001;01/10/2026;10:15:25;10788;msedgewebview2.exe;running;0.00;NORMAL
TORRE-001;SERVIDOR-001;01/10/2026;10:15:25;10920;msedgewebview2.exe;running;0.00;NORMAL
TORRE-001;SERVIDOR-001;01/10/2026;10:15:25;11204;svchost.exe;running;0.00;NORMAL
TORRE-001;SERVIDOR-001;01/10/2026;10:15:25;11272;msedgewebview2.exe;running;0.00;NORMAL
TORRE-001;SERVIDOR-001;01/10/2026;10:15:25;11324;svchost.exe;running;0.00;NORMAL
TORRE-001;SERVIDOR-001;01/10/2026;10:15:25;11408;Code.exe;running;0.00;NORMAL
TORRE-001;SERVIDOR-001;01/10/2026;10:15:25;11568;svchost.exe;running;0.00;NORMAL
TORRE-001;SERVIDOR-001;01/10/2026;10:15:25;11592;Code.exe;running;0.00;NORMAL
TORRE-001;SERVIDOR-001;01/10/2026;10:15:25;11724;svchost.exe;running;0.00;NORMAL
TORRE-001;SERVIDOR-001;01/10/2026;10:15:25;12240;SnippingTool.exe;running;0.00;NORMAL
TORRE-001;SERVIDOR-001;01/10/2026;10:15:25;12604;svchost.exe;running;0.00;NORMAL
TORRE-001;SERVIDOR-001;01/10/2026;10:15:25;12852;Code.exe;running;0.00;NORMAL
TORRE-001;SERVIDOR-001;01/10/2026;10:15:25;12976;opera.exe;running;0.00;NORMAL
TORRE-001;SERVIDOR-001;01/10/2026;10:15:25;13056;DefenderSessionHelper.exe;running;0.00;NORMAL
TORRE-001;SERVIDOR-001;01/10/2026;10:15:25;13104;Code.exe;running;0.00;NORMAL
TORRE-001;SERVIDOR-001;01/10/2026;10:15:25;13388;bash.exe;running;0.00;NORMAL
TORRE-001;SERVIDOR-001;01/10/2026;10:15:25;13488;steamwebhelper.exe;running;0.00;NORMAL
TORRE-001;SERVIDOR-001;01/10/2026;10:15:25;13728;msedgewebview2.exe;running;0.00;NORMAL
TORRE-001;SERVIDOR-001;01/10/2026;10:15:25;13792;opera.exe;running;0.00;NORMAL
TORRE-001;SERVIDOR-001;01/10/2026;10:15:25;13864;svchost.exe;running;0.00;NORMAL
TORRE-001;SERVIDOR-001;01/10/2026;10:15:25;14096;opera.exe;running;0.00;NORMAL
TORRE-001;SERVIDOR-001;01/10/2026;10:15:25;14184;SystemSettingsBroker.exe;running;0.00;NORMAL
TORRE-001;SERVIDOR-001;01/10/2026;10:15:25;14196;svchost.exe;running;0.00;NORMAL
TORRE-001;SERVIDOR-001;01/10/2026;10:15:25;14316;dllhost.exe;running;0.00;NORMAL
TORRE-001;SERVIDOR-001;01/10/2026;10:15:25;14376;WidgetService.exe;running;0.00;NORMAL
TORRE-001;SERVIDOR-001;01/10/2026;10:15:25;14508;opera.exe;running;0.00;NORMAL
TORRE-001;SERVIDOR-001;01/10/2026;10:15:25;14516;opera.exe;running;0.00;NORMAL
TORRE-001;SERVIDOR-001;01/10/2026;10:15:25;14940;Code.exe;running;0.00;NORMAL
TORRE-001;SERVIDOR-001;01/10/2026;10:15:25;14952;msedgewebview2.exe;running;0.00;NORMAL
TORRE-001;SERVIDOR-001;01/10/2026;10:15:25;14996;svchost.exe;running;0.00;NORMAL
TORRE-001;SERVIDOR-001;01/10/2026;10:15:25;15012;svchost.exe;running;0.00;NORMAL
TORRE-001;SERVIDOR-001;01/10/2026;10:15:25;15076;svchost.exe;running;0.00;NORMAL
TORRE-001;SERVIDOR-001;01/10/2026;10:15:25;15084;msedgewebview2.exe;running;0.00;NORMAL
TORRE-001;SERVIDOR-001;01/10/2026;10:15:25;15092;wallpaper64.exe;running;0.00;NORMAL
TORRE-001;SERVIDOR-001;01/10/2026;10:15:25;15112;PhoneExperienceHost.exe;running;0.00;NORMAL
TORRE-001;SERVIDOR-001;01/10/2026;10:15:25;15260;audiodg.exe;running;0.00;NORMAL
TORRE-001;SERVIDOR-001;01/10/2026;10:15:25;15356;conhost.exe;running;0.00;NORMAL
TORRE-001;SERVIDOR-001;01/10/2026;10:15:25;15372;svchost.exe;running;0.00;NORMAL
TORRE-001;SERVIDOR-001;01/10/2026;10:15:25;15512;svchost.exe;running;0.00;NORMAL
TORRE-001;SERVIDOR-001;01/10/2026;10:15:25;15612;shtctky.exe;running;0.00;NORMAL
TORRE-001;SERVIDOR-001;01/10/2026;10:15:25;15804;RuntimeBroker.exe;running;0.00;NORMAL
TORRE-001;SERVIDOR-001;01/10/2026;10:15:25;15820;steamwebhelper.exe;running;0.00;NORMAL
TORRE-001;SERVIDOR-001;01/10/2026;10:15:25;15864;OneDrive.exe;running;0.00;NORMAL
TORRE-001;SERVIDOR-001;01/10/2026;10:15:25;15940;Widgets.exe;running;0.00;NORMAL
TORRE-001;SERVIDOR-001;01/10/2026;10:15:25;16120;SecurityHealthSystray.exe;running;0.00;NORMAL
TORRE-001;SERVIDOR-001;01/10/2026;10:15:25;16164;Code.exe;running;0.00;NORMAL
TORRE-001;SERVIDOR-001;01/10/2026;10:15:25;16192;RuntimeBroker.exe;running;0.00;NORMAL
TORRE-001;SERVIDOR-001;01/10/2026;10:15:25;16304;fontdrvhost.exe;running;0.00;NORMAL
TORRE-001;SERVIDOR-001;01/10/2026;10:15:25;16324;opera.exe;running;0.00;NORMAL
TORRE-001;SERVIDOR-001;01/10/2026;10:15:25;16428;msedgewebview2.exe;running;0.00;NORMAL
TORRE-001;SERVIDOR-001;01/10/2026;10:15:25;16464;Code.exe;running;0.00;NORMAL
TORRE-001;SERVIDOR-001;01/10/2026;10:15:25;16468;steamwebhelper.exe;running;0.00;NORMAL
TORRE-001;SERVIDOR-001;01/10/2026;10:15:25;16520;MySQLWorkbench.exe;running;0.00;NORMAL
TORRE-001;SERVIDOR-001;01/10/2026;10:15:25;16620;CodeSetup-stable-07f806f999227108933c2e30515b26eecc1fda74.tmp;running;0.00;NORMAL
TORRE-001;SERVIDOR-001;01/10/2026;10:15:25;16696;msedge.exe;running;0.00;NORMAL
TORRE-001;SERVIDOR-001;01/10/2026;10:15:25;16720;steamwebhelper.exe;running;0.00;NORMAL
TORRE-001;SERVIDOR-001;01/10/2026;10:15:25;16724;opera.exe;running;0.00;NORMAL
TORRE-001;SERVIDOR-001;01/10/2026;10:15:25;17064;opera.exe;running;0.00;NORMAL
TORRE-001;SERVIDOR-001;01/10/2026;10:15:25;17156;conhost.exe;running;0.00;NORMAL
TORRE-001;SERVIDOR-001;01/10/2026;10:15:25;17536;RuntimeBroker.exe;running;0.00;NORMAL
TORRE-001;SERVIDOR-001;01/10/2026;10:15:25;17552;svchost.exe;running;0.00;NORMAL
TORRE-001;SERVIDOR-001;01/10/2026;10:15:25;17588;opera.exe;running;0.00;NORMAL
TORRE-001;SERVIDOR-001;01/10/2026;10:15:25;17644;sihost.exe;running;0.00;NORMAL
TORRE-001;SERVIDOR-001;01/10/2026;10:15:25;17816;msedge.exe;running;0.00;NORMAL
TORRE-001;SERVIDOR-001;01/10/2026;10:15:25;17972;AMDRSSrcExt.exe;running;0.00;NORMAL
TORRE-001;SERVIDOR-001;01/10/2026;10:15:25;18088;CalculatorApp.exe;running;0.00;NORMAL
TORRE-001;SERVIDOR-001;01/10/2026;10:15:25;18104;cncmd.exe;running;0.00;NORMAL
TORRE-001;SERVIDOR-001;01/10/2026;10:15:25;18172;msedgewebview2.exe;running;0.00;NORMAL
TORRE-001;SERVIDOR-001;01/10/2026;10:15:25;18472;CrossDeviceService.exe;running;0.00;NORMAL
TORRE-001;SERVIDOR-001;01/10/2026;10:15:25;18856;Code.exe;running;0.00;NORMAL
TORRE-001;SERVIDOR-001;01/10/2026;10:15:25;18880;msedgewebview2.exe;running;0.00;NORMAL
TORRE-001;SERVIDOR-001;01/10/2026;10:15:25;18896;svchost.exe;running;0.00;NORMAL
TORRE-001;SERVIDOR-001;01/10/2026;10:15:25;18912;opera.exe;running;0.00;NORMAL
TORRE-001;SERVIDOR-001;01/10/2026;10:15:25;19140;Code.exe;running;0.00;NORMAL
TORRE-001;SERVIDOR-001;01/10/2026;10:15:25;19160;opera.exe;running;0.00;NORMAL
TORRE-001;SERVIDOR-001;01/10/2026;10:15:25;19196;msedgewebview2.exe;running;0.00;NORMAL
TORRE-001;SERVIDOR-001;01/10/2026;10:15:25;19200;StartMenuExperienceHost.exe;running;0.00;NORMAL
TORRE-001;SERVIDOR-001;01/10/2026;10:15:25;19216;ApplicationFrameHost.exe;running;0.00;NORMAL
TORRE-001;SERVIDOR-001;01/10/2026;10:15:25;19272;ShellExperienceHost.exe;stopped;0.00;NORMAL
TORRE-001;SERVIDOR-001;01/10/2026;10:15:25;19284;conhost.exe;running;0.00;NORMAL
TORRE-001;SERVIDOR-001;01/10/2026;10:15:25;19608;svchost.exe;running;0.00;NORMAL
TORRE-001;SERVIDOR-001;01/10/2026;10:15:25;19632;svchost.exe;running;0.00;NORMAL
TORRE-001;SERVIDOR-001;01/10/2026;10:15:25;19780;opera.exe;running;0.00;NORMAL
TORRE-001;SERVIDOR-001;01/10/2026;10:15:25;19788;msedgewebview2.exe;running;0.00;NORMAL
TORRE-001;SERVIDOR-001;01/10/2026;10:15:25;19880;opera.exe;running;0.00;NORMAL
TORRE-001;SERVIDOR-001;01/10/2026;10:15:25;19912;svchost.exe;running;0.00;NORMAL
TORRE-001;SERVIDOR-001;01/10/2026;10:15:25;19956;msedgewebview2.exe;running;0.00;NORMAL
TORRE-001;SERVIDOR-001;01/10/2026;10:15:25;20212;Code.exe;running;0.00;NORMAL
TORRE-001;SERVIDOR-001;01/10/2026;10:15:25;20328;opera.exe;running;0.00;NORMAL
TORRE-001;SERVIDOR-001;01/10/2026;10:15:25;20412;svchost.exe;running;0.00;NORMAL
TORRE-001;SERVIDOR-001;01/10/2026;10:15:25;20440;opera.exe;running;0.00;NORMAL
TORRE-001;SERVIDOR-001;01/10/2026;10:15:25;20512;TranslucentTB.exe;running;0.00;NORMAL
TORRE-001;SERVIDOR-001;01/10/2026;10:15:25;20624;msedgewebview2.exe;running;0.00;NORMAL
TORRE-001;SERVIDOR-001;01/10/2026;10:15:25;20708;CastSrv.exe;running;0.00;NORMAL
TORRE-001;SERVIDOR-001;01/10/2026;10:15:25;20768;SystemSettings.exe;stopped;0.00;NORMAL
TORRE-001;SERVIDOR-001;01/10/2026;10:15:25;20812;RuntimeBroker.exe;running;0.00;NORMAL
TORRE-001;SERVIDOR-001;01/10/2026;10:15:25;20888;svchost.exe;running;0.00;NORMAL
TORRE-001;SERVIDOR-001;01/10/2026;10:15:25;20904;conhost.exe;running;0.00;NORMAL
TORRE-001;SERVIDOR-001;01/10/2026;10:15:25;20988;opera.exe;running;0.00;NORMAL
TORRE-001;SERVIDOR-001;01/10/2026;10:15:25;21264;msedgewebview2.exe;running;0.00;NORMAL
TORRE-001;SERVIDOR-001;01/10/2026;10:15:25;21624;svchost.exe;running;0.00;NORMAL
TORRE-001;SERVIDOR-001;01/10/2026;10:15:25;21692;opera.exe;running;0.00;NORMAL
TORRE-001;SERVIDOR-001;01/10/2026;10:15:25;21756;RuntimeBroker.exe;running;0.00;NORMAL
TORRE-001;SERVIDOR-001;01/10/2026;10:15:25;21956;svchost.exe;running;0.00;NORMAL
TORRE-001;SERVIDOR-001;01/10/2026;10:15:25;22076;Code.exe;running;0.00;NORMAL
TORRE-001;SERVIDOR-001;01/10/2026;10:15:25;22156;browser_assistant.exe;running;0.00;NORMAL
TORRE-001;SERVIDOR-001;01/10/2026;10:15:25;22228;msedgewebview2.exe;running;0.00;NORMAL
TORRE-001;SERVIDOR-001;01/10/2026;10:15:25;22296;LockApp.exe;stopped;0.00;NORMAL
TORRE-001;SERVIDOR-001;01/10/2026;10:15:25;22480;jetbrainsd.exe;running;0.00;NORMAL
TORRE-001;SERVIDOR-001;01/10/2026;10:15:25;22504;msedgewebview2.exe;running;0.00;NORMAL
TORRE-001;SERVIDOR-001;01/10/2026;10:15:25;22688;taskhostw.exe;running;0.00;NORMAL
TORRE-001;SERVIDOR-001;01/10/2026;10:15:25;22696;opera.exe;running;0.00;NORMAL
TORRE-001;SERVIDOR-001;01/10/2026;10:15:25;22852;Code.exe;running;0.00;NORMAL
TORRE-001;SERVIDOR-001;01/10/2026;10:15:25;22920;dllhost.exe;running;0.00;NORMAL
TORRE-001;SERVIDOR-001;01/10/2026;10:15:25;22940;msedge.exe;running;0.00;NORMAL
TORRE-001;SERVIDOR-001;01/10/2026;10:15:25;23088;opera_crashreporter.exe;running;0.00;NORMAL
TORRE-001;SERVIDOR-001;01/10/2026;10:15:25;23116;RuntimeBroker.exe;running;0.00;NORMAL
TORRE-001;SERVIDOR-001;01/10/2026;10:15:25;23212;opera.exe;running;0.00;NORMAL
TORRE-001;SERVIDOR-001;01/10/2026;10:15:25;23424;OpenConsole.exe;running;0.00;NORMAL
TORRE-001;SERVIDOR-001;01/10/2026;10:15:25;23436;unsecapp.exe;running;0.00;NORMAL
TORRE-001;SERVIDOR-001;01/10/2026;10:15:25;23452;Notepad.exe;running;0.00;NORMAL
TORRE-001;SERVIDOR-001;01/10/2026;10:15:25;23516;opera.exe;running;0.00;NORMAL
TORRE-001;SERVIDOR-001;01/10/2026;10:15:25;23580;DAX3API.exe;running;0.00;NORMAL
TORRE-001;SERVIDOR-001;01/10/2026;10:15:25;23780;RuntimeBroker.exe;running;0.00;NORMAL
TORRE-001;SERVIDOR-001;01/10/2026;10:15:25;23856;tposd.exe;running;0.00;NORMAL
TORRE-001;SERVIDOR-001;01/10/2026;10:15:25;23944;Code.exe;running;0.00;NORMAL
TORRE-001;SERVIDOR-001;01/10/2026;10:15:25;24284;svchost.exe;running;0.00;NORMAL
TORRE-001;SERVIDOR-001;01/10/2026;10:15:25;24288;Code.exe;running;0.00;NORMAL
TORRE-001;SERVIDOR-001;01/10/2026;10:15:25;24660;Code.exe;running;0.00;NORMAL
TORRE-001;SERVIDOR-001;01/10/2026;10:15:25;24768;TextInputHost.exe;running;0.00;NORMAL
TORRE-001;SERVIDOR-001;01/10/2026;10:15:25;25092;msedgewebview2.exe;running;0.00;NORMAL
TORRE-001;SERVIDOR-001;01/10/2026;10:15:25;25616;msedge.exe;running;0.00;NORMAL
TORRE-001;SERVIDOR-001;01/10/2026;10:15:25;25960;Code.exe;running;0.00;NORMAL
TORRE-001;SERVIDOR-001;01/10/2026;10:15:25;26172;ctfmon.exe;running;0.00;NORMAL
TORRE-001;SERVIDOR-001;01/10/2026;10:15:25;26224;opera.exe;running;0.00;NORMAL
TORRE-001;SERVIDOR-001;01/10/2026;10:15:25;26428;opera.exe;running;0.00;NORMAL
TORRE-001;SERVIDOR-001;01/10/2026;10:15:25;26480;opera.exe;running;0.00;NORMAL
TORRE-001;SERVIDOR-001;01/10/2026;10:15:25;26512;OneDrive.Sync.Service.exe;running;0.00;NORMAL
TORRE-001;SERVIDOR-001;01/10/2026;10:15:36;0;System Idle Process;running;95.79;CRITICO
TORRE-001;SERVIDOR-001;01/10/2026;10:15:36;7036;python.exe;running;1.35;NORMAL
TORRE-001;SERVIDOR-001;01/10/2026;10:15:36;17304;WmiPrvSE.exe;running;0.88;NORMAL
TORRE-001;SERVIDOR-001;01/10/2026;10:15:36;15332;Taskmgr.exe;running;0.30;NORMAL
TORRE-001;SERVIDOR-001;01/10/2026;10:15:36;4;System;running;0.19;NORMAL
TORRE-001;SERVIDOR-001;01/10/2026;10:15:36;4088;Code.exe;running;0.18;NORMAL
TORRE-001;SERVIDOR-001;01/10/2026;10:15:36;25980;Code.exe;running;0.11;NORMAL
TORRE-001;SERVIDOR-001;01/10/2026;10:15:36;17892;dwm.exe;running;0.07;NORMAL
TORRE-001;SERVIDOR-001;01/10/2026;10:15:36;4668;svchost.exe;running;0.06;NORMAL
TORRE-001;SERVIDOR-001;01/10/2026;10:15:36;7536;SynTPEnh.exe;running;0.06;NORMAL
TORRE-001;SERVIDOR-001;01/10/2026;10:15:36;25708;Code.exe;running;0.05;NORMAL
TORRE-001;SERVIDOR-001;01/10/2026;10:15:36;9380;opera.exe;running;0.02;NORMAL
TORRE-001;SERVIDOR-001;01/10/2026;10:15:36;14796;GameBarFTServer.exe;running;0.02;NORMAL
TORRE-001;SERVIDOR-001;01/10/2026;10:15:36;18296;steam.exe;running;0.02;NORMAL
TORRE-001;SERVIDOR-001;01/10/2026;10:15:36;22480;jetbrainsd.exe;running;0.02;NORMAL
TORRE-001;SERVIDOR-001;01/10/2026;10:15:36;4760;MsMpEng.exe;running;0.01;NORMAL
TORRE-001;SERVIDOR-001;01/10/2026;10:15:36;8680;mintty.exe;running;0.01;NORMAL
TORRE-001;SERVIDOR-001;01/10/2026;10:15:36;13104;Code.exe;running;0.01;NORMAL
TORRE-001;SERVIDOR-001;01/10/2026;10:15:36;16520;MySQLWorkbench.exe;running;0.01;NORMAL
TORRE-001;SERVIDOR-001;01/10/2026;10:15:36;22632;jetbrains-toolbox.exe;running;0.01;NORMAL
TORRE-001;SERVIDOR-001;01/10/2026;10:15:36;23368;Code.exe;running;0.01;NORMAL
TORRE-001;SERVIDOR-001;01/10/2026;10:15:36;140;desconhecido;stopped;0.00;NORMAL
TORRE-001;SERVIDOR-001;01/10/2026;10:15:36;176;Registry;running;0.00;NORMAL
TORRE-001;SERVIDOR-001;01/10/2026;10:15:36;648;smss.exe;running;0.00;NORMAL
TORRE-001;SERVIDOR-001;01/10/2026;10:15:36;708;opera.exe;running;0.00;NORMAL
TORRE-001;SERVIDOR-001;01/10/2026;10:15:36;724;csrss.exe;running;0.00;NORMAL
TORRE-001;SERVIDOR-001;01/10/2026;10:15:36;860;msedge.exe;running;0.00;NORMAL
TORRE-001;SERVIDOR-001;01/10/2026;10:15:36;872;Code.exe;running;0.00;NORMAL
TORRE-001;SERVIDOR-001;01/10/2026;10:15:36;1148;svchost.exe;running;0.00;NORMAL
TORRE-001;SERVIDOR-001;01/10/2026;10:15:36;1152;wininit.exe;running;0.00;NORMAL
TORRE-001;SERVIDOR-001;01/10/2026;10:15:36;1232;services.exe;running;0.00;NORMAL
TORRE-001;SERVIDOR-001;01/10/2026;10:15:36;1280;msedgewebview2.exe;running;0.00;NORMAL
TORRE-001;SERVIDOR-001;01/10/2026;10:15:36;1292;msedgewebview2.exe;running;0.00;NORMAL
TORRE-001;SERVIDOR-001;01/10/2026;10:15:36;1316;LsaIso.exe;running;0.00;NORMAL
TORRE-001;SERVIDOR-001;01/10/2026;10:15:36;1332;lsass.exe;running;0.00;NORMAL
TORRE-001;SERVIDOR-001;01/10/2026;10:15:36;1344;svchost.exe;running;0.00;NORMAL
TORRE-001;SERVIDOR-001;01/10/2026;10:15:36;1396;svchost.exe;running;0.00;NORMAL
TORRE-001;SERVIDOR-001;01/10/2026;10:15:36;1436;AggregatorHost.exe;running;0.00;NORMAL
TORRE-001;SERVIDOR-001;01/10/2026;10:15:36;1460;svchost.exe;running;0.00;NORMAL
TORRE-001;SERVIDOR-001;01/10/2026;10:15:36;1488;fontdrvhost.exe;running;0.00;NORMAL
TORRE-001;SERVIDOR-001;01/10/2026;10:15:36;1504;svchost.exe;running;0.00;NORMAL
TORRE-001;SERVIDOR-001;01/10/2026;10:15:36;1512;steamwebhelper.exe;running;0.00;NORMAL
TORRE-001;SERVIDOR-001;01/10/2026;10:15:36;1552;WUDFHost.exe;running;0.00;NORMAL
TORRE-001;SERVIDOR-001;01/10/2026;10:15:36;1620;svchost.exe;running;0.00;NORMAL
TORRE-001;SERVIDOR-001;01/10/2026;10:15:36;1704;svchost.exe;running;0.00;NORMAL
TORRE-001;SERVIDOR-001;01/10/2026;10:15:36;1728;svchost.exe;running;0.00;NORMAL
TORRE-001;SERVIDOR-001;01/10/2026;10:15:36;1784;svchost.exe;running;0.00;NORMAL
TORRE-001;SERVIDOR-001;01/10/2026;10:15:36;1836;SearchHost.exe;stopped;0.00;NORMAL
TORRE-001;SERVIDOR-001;01/10/2026;10:15:36;1852;svchost.exe;running;0.00;NORMAL
TORRE-001;SERVIDOR-001;01/10/2026;10:15:36;1896;svchost.exe;running;0.00;NORMAL
TORRE-001;SERVIDOR-001;01/10/2026;10:15:36;1912;svchost.exe;running;0.00;NORMAL
TORRE-001;SERVIDOR-001;01/10/2026;10:15:36;1924;svchost.exe;running;0.00;NORMAL
TORRE-001;SERVIDOR-001;01/10/2026;10:15:36;2012;svchost.exe;running;0.00;NORMAL
TORRE-001;SERVIDOR-001;01/10/2026;10:15:36;2112;svchost.exe;running;0.00;NORMAL
TORRE-001;SERVIDOR-001;01/10/2026;10:15:36;2188;FileCoAuth.exe;running;0.00;NORMAL
TORRE-001;SERVIDOR-001;01/10/2026;10:15:36;2216;svchost.exe;running;0.00;NORMAL
TORRE-001;SERVIDOR-001;01/10/2026;10:15:36;2344;opera.exe;running;0.00;NORMAL
TORRE-001;SERVIDOR-001;01/10/2026;10:15:36;2420;svchost.exe;running;0.00;NORMAL
TORRE-001;SERVIDOR-001;01/10/2026;10:15:36;2428;UserOOBEBroker.exe;running;0.00;NORMAL
TORRE-001;SERVIDOR-001;01/10/2026;10:15:36;2448;svchost.exe;running;0.00;NORMAL
TORRE-001;SERVIDOR-001;01/10/2026;10:15:36;2508;svchost.exe;running;0.00;NORMAL
TORRE-001;SERVIDOR-001;01/10/2026;10:15:36;2596;svchost.exe;running;0.00;NORMAL
TORRE-001;SERVIDOR-001;01/10/2026;10:15:36;2716;powershell.exe;running;0.00;NORMAL
TORRE-001;SERVIDOR-001;01/10/2026;10:15:36;2752;OpenConsole.exe;running;0.00;NORMAL
TORRE-001;SERVIDOR-001;01/10/2026;10:15:36;2768;svchost.exe;running;0.00;NORMAL
TORRE-001;SERVIDOR-001;01/10/2026;10:15:36;2772;svchost.exe;running;0.00;NORMAL
TORRE-001;SERVIDOR-001;01/10/2026;10:15:36;2872;svchost.exe;running;0.00;NORMAL
TORRE-001;SERVIDOR-001;01/10/2026;10:15:36;2924;svchost.exe;running;0.00;NORMAL
TORRE-001;SERVIDOR-001;01/10/2026;10:15:36;2980;SynTPEnhService.exe;running;0.00;NORMAL
TORRE-001;SERVIDOR-001;01/10/2026;10:15:36;3008;svchost.exe;running;0.00;NORMAL
TORRE-001;SERVIDOR-001;01/10/2026;10:15:36;3032;svchost.exe;running;0.00;NORMAL
TORRE-001;SERVIDOR-001;01/10/2026;10:15:36;3120;atiesrxx.exe;running;0.00;NORMAL
TORRE-001;SERVIDOR-001;01/10/2026;10:15:36;3128;amdfendrsr.exe;running;0.00;NORMAL
TORRE-001;SERVIDOR-001;01/10/2026;10:15:36;3144;svchost.exe;running;0.00;NORMAL
TORRE-001;SERVIDOR-001;01/10/2026;10:15:36;3204;RtkAudUService64.exe;running;0.00;NORMAL
TORRE-001;SERVIDOR-001;01/10/2026;10:15:36;3256;Code.exe;running;0.00;NORMAL
TORRE-001;SERVIDOR-001;01/10/2026;10:15:36;3316;svchost.exe;running;0.00;NORMAL
TORRE-001;SERVIDOR-001;01/10/2026;10:15:36;3344;opera.exe;running;0.00;NORMAL
TORRE-001;SERVIDOR-001;01/10/2026;10:15:36;3464;svchost.exe;running;0.00;NORMAL
TORRE-001;SERVIDOR-001;01/10/2026;10:15:36;3468;svchost.exe;running;0.00;NORMAL
TORRE-001;SERVIDOR-001;01/10/2026;10:15:36;3480;svchost.exe;running;0.00;NORMAL
TORRE-001;SERVIDOR-001;01/10/2026;10:15:36;3500;SearchIndexer.exe;running;0.00;NORMAL
TORRE-001;SERVIDOR-001;01/10/2026;10:15:36;3576;MemCompression;running;0.00;NORMAL
TORRE-001;SERVIDOR-001;01/10/2026;10:15:36;3616;svchost.exe;running;0.00;NORMAL
TORRE-001;SERVIDOR-001;01/10/2026;10:15:36;3648;svchost.exe;running;0.00;NORMAL
TORRE-001;SERVIDOR-001;01/10/2026;10:15:36;3656;svchost.exe;running;0.00;NORMAL
TORRE-001;SERVIDOR-001;01/10/2026;10:15:36;3672;opera.exe;running;0.00;NORMAL
TORRE-001;SERVIDOR-001;01/10/2026;10:15:36;3716;svchost.exe;running;0.00;NORMAL
TORRE-001;SERVIDOR-001;01/10/2026;10:15:36;3804;opera.exe;running;0.00;NORMAL
TORRE-001;SERVIDOR-001;01/10/2026;10:15:36;3832;svchost.exe;running;0.00;NORMAL
TORRE-001;SERVIDOR-001;01/10/2026;10:15:36;3860;svchost.exe;running;0.00;NORMAL
TORRE-001;SERVIDOR-001;01/10/2026;10:15:36;3948;svchost.exe;running;0.00;NORMAL
TORRE-001;SERVIDOR-001;01/10/2026;10:15:36;3972;svchost.exe;running;0.00;NORMAL
TORRE-001;SERVIDOR-001;01/10/2026;10:15:36;4092;svchost.exe;running;0.00;NORMAL
TORRE-001;SERVIDOR-001;01/10/2026;10:15:36;4216;spoolsv.exe;running;0.00;NORMAL
TORRE-001;SERVIDOR-001;01/10/2026;10:15:36;4224;wlanext.exe;running;0.00;NORMAL
TORRE-001;SERVIDOR-001;01/10/2026;10:15:36;4268;conhost.exe;running;0.00;NORMAL
TORRE-001;SERVIDOR-001;01/10/2026;10:15:36;4336;svchost.exe;running;0.00;NORMAL
TORRE-001;SERVIDOR-001;01/10/2026;10:15:36;4436;SecurityHealthService.exe;running;0.00;NORMAL
TORRE-001;SERVIDOR-001;01/10/2026;10:15:36;4448;svchost.exe;running;0.00;NORMAL
TORRE-001;SERVIDOR-001;01/10/2026;10:15:36;4608;DAX3API.exe;running;0.00;NORMAL
TORRE-001;SERVIDOR-001;01/10/2026;10:15:36;4620;svchost.exe;running;0.00;NORMAL
TORRE-001;SERVIDOR-001;01/10/2026;10:15:36;4628;svchost.exe;running;0.00;NORMAL
TORRE-001;SERVIDOR-001;01/10/2026;10:15:36;4640;ibmpmsvc.exe;running;0.00;NORMAL
TORRE-001;SERVIDOR-001;01/10/2026;10:15:36;4648;svchost.exe;running;0.00;NORMAL
TORRE-001;SERVIDOR-001;01/10/2026;10:15:36;4656;svchost.exe;running;0.00;NORMAL
TORRE-001;SERVIDOR-001;01/10/2026;10:15:36;4676;svchost.exe;running;0.00;NORMAL
TORRE-001;SERVIDOR-001;01/10/2026;10:15:36;4692;svchost.exe;running;0.00;NORMAL
TORRE-001;SERVIDOR-001;01/10/2026;10:15:36;4696;SynRpcServer.exe;running;0.00;NORMAL
TORRE-001;SERVIDOR-001;01/10/2026;10:15:36;4720;LITSSvc.exe;running;0.00;NORMAL
TORRE-001;SERVIDOR-001;01/10/2026;10:15:36;4740;MpDefenderCoreService.exe;running;0.00;NORMAL
TORRE-001;SERVIDOR-001;01/10/2026;10:15:36;4748;SmartStandby.exe;running;0.00;NORMAL
TORRE-001;SERVIDOR-001;01/10/2026;10:15:36;4756;mysqld.exe;running;0.00;NORMAL
TORRE-001;SERVIDOR-001;01/10/2026;10:15:36;4772;RtkAudUService64.exe;running;0.00;NORMAL
TORRE-001;SERVIDOR-001;01/10/2026;10:15:36;4780;FMService64.exe;running;0.00;NORMAL
TORRE-001;SERVIDOR-001;01/10/2026;10:15:36;4916;svchost.exe;running;0.00;NORMAL
TORRE-001;SERVIDOR-001;01/10/2026;10:15:36;5036;svchost.exe;running;0.00;NORMAL
TORRE-001;SERVIDOR-001;01/10/2026;10:15:36;5196;svchost.exe;running;0.00;NORMAL
TORRE-001;SERVIDOR-001;01/10/2026;10:15:36;5232;svchost.exe;running;0.00;NORMAL
TORRE-001;SERVIDOR-001;01/10/2026;10:15:36;5284;svchost.exe;running;0.00;NORMAL
TORRE-001;SERVIDOR-001;01/10/2026;10:15:36;5316;tphkload.exe;running;0.00;NORMAL
TORRE-001;SERVIDOR-001;01/10/2026;10:15:36;5344;mysqld.exe;running;0.00;NORMAL
TORRE-001;SERVIDOR-001;01/10/2026;10:15:36;5392;conhost.exe;running;0.00;NORMAL
TORRE-001;SERVIDOR-001;01/10/2026;10:15:36;5480;RuntimeBroker.exe;running;0.00;NORMAL
TORRE-001;SERVIDOR-001;01/10/2026;10:15:36;5612;svchost.exe;running;0.00;NORMAL
TORRE-001;SERVIDOR-001;01/10/2026;10:15:36;5808;RuntimeBroker.exe;running;0.00;NORMAL
TORRE-001;SERVIDOR-001;01/10/2026;10:15:36;5984;svchost.exe;running;0.00;NORMAL
TORRE-001;SERVIDOR-001;01/10/2026;10:15:36;6076;svchost.exe;running;0.00;NORMAL
TORRE-001;SERVIDOR-001;01/10/2026;10:15:36;6080;svchost.exe;running;0.00;NORMAL
TORRE-001;SERVIDOR-001;01/10/2026;10:15:36;6216;svchost.exe;running;0.00;NORMAL
TORRE-001;SERVIDOR-001;01/10/2026;10:15:36;6236;dllhost.exe;running;0.00;NORMAL
TORRE-001;SERVIDOR-001;01/10/2026;10:15:36;6288;svchost.exe;running;0.00;NORMAL
TORRE-001;SERVIDOR-001;01/10/2026;10:15:36;6552;svchost.exe;running;0.00;NORMAL
TORRE-001;SERVIDOR-001;01/10/2026;10:15:36;6616;NisSrv.exe;running;0.00;NORMAL
TORRE-001;SERVIDOR-001;01/10/2026;10:15:36;6628;browser_assistant.exe;running;0.00;NORMAL
TORRE-001;SERVIDOR-001;01/10/2026;10:15:36;6668;RuntimeBroker.exe;running;0.00;NORMAL
TORRE-001;SERVIDOR-001;01/10/2026;10:15:36;6724;opera.exe;running;0.00;NORMAL
TORRE-001;SERVIDOR-001;01/10/2026;10:15:36;6796;opera.exe;running;0.00;NORMAL
TORRE-001;SERVIDOR-001;01/10/2026;10:15:36;6912;powershell.exe;running;0.00;NORMAL
TORRE-001;SERVIDOR-001;01/10/2026;10:15:36;6924;svchost.exe;running;0.00;NORMAL
TORRE-001;SERVIDOR-001;01/10/2026;10:15:36;6960;svchost.exe;running;0.00;NORMAL
TORRE-001;SERVIDOR-001;01/10/2026;10:15:36;6964;pet.exe;running;0.00;NORMAL
TORRE-001;SERVIDOR-001;01/10/2026;10:15:36;6984;MoUsoCoreWorker.exe;running;0.00;NORMAL
TORRE-001;SERVIDOR-001;01/10/2026;10:15:36;6996;svchost.exe;running;0.00;NORMAL
TORRE-001;SERVIDOR-001;01/10/2026;10:15:36;7056;msedgewebview2.exe;running;0.00;NORMAL
TORRE-001;SERVIDOR-001;01/10/2026;10:15:36;7184;powershell.exe;running;0.00;NORMAL
TORRE-001;SERVIDOR-001;01/10/2026;10:15:36;7312;svchost.exe;running;0.00;NORMAL
TORRE-001;SERVIDOR-001;01/10/2026;10:15:36;7376;RtkAudUService64.exe;running;0.00;NORMAL
TORRE-001;SERVIDOR-001;01/10/2026;10:15:36;7700;LinkedIn.exe;running;0.00;NORMAL
TORRE-001;SERVIDOR-001;01/10/2026;10:15:36;7848;svchost.exe;running;0.00;NORMAL
TORRE-001;SERVIDOR-001;01/10/2026;10:15:36;7896;WUDFHost.exe;running;0.00;NORMAL
TORRE-001;SERVIDOR-001;01/10/2026;10:15:36;7984;M365Copilot.exe;running;0.00;NORMAL
TORRE-001;SERVIDOR-001;01/10/2026;10:15:36;8104;OpenConsole.exe;running;0.00;NORMAL
TORRE-001;SERVIDOR-001;01/10/2026;10:15:36;8224;atieclxx.exe;running;0.00;NORMAL
TORRE-001;SERVIDOR-001;01/10/2026;10:15:36;8592;svchost.exe;running;0.00;NORMAL
TORRE-001;SERVIDOR-001;01/10/2026;10:15:36;8652;opera.exe;running;0.00;NORMAL
TORRE-001;SERVIDOR-001;01/10/2026;10:15:36;8816;svchost.exe;running;0.00;NORMAL
TORRE-001;SERVIDOR-001;01/10/2026;10:15:36;8836;RadeonSoftware.exe;running;0.00;NORMAL
TORRE-001;SERVIDOR-001;01/10/2026;10:15:36;9292;svchost.exe;running;0.00;NORMAL
TORRE-001;SERVIDOR-001;01/10/2026;10:15:36;9392;svchost.exe;running;0.00;NORMAL
TORRE-001;SERVIDOR-001;01/10/2026;10:15:36;9516;powershell.exe;running;0.00;NORMAL
TORRE-001;SERVIDOR-001;01/10/2026;10:15:36;9536;msedgewebview2.exe;running;0.00;NORMAL
TORRE-001;SERVIDOR-001;01/10/2026;10:15:36;9696;git-bash.exe;running;0.00;NORMAL
TORRE-001;SERVIDOR-001;01/10/2026;10:15:36;9748;winlogon.exe;running;0.00;NORMAL
TORRE-001;SERVIDOR-001;01/10/2026;10:15:36;9752;PowerMgr.exe;running;0.00;NORMAL
TORRE-001;SERVIDOR-001;01/10/2026;10:15:36;9820;steamwebhelper.exe;running;0.00;NORMAL
TORRE-001;SERVIDOR-001;01/10/2026;10:15:36;9936;steamservice.exe;running;0.00;NORMAL
TORRE-001;SERVIDOR-001;01/10/2026;10:15:36;9964;msedgewebview2.exe;running;0.00;NORMAL
TORRE-001;SERVIDOR-001;01/10/2026;10:15:36;10148;powershell.exe;running;0.00;NORMAL
TORRE-001;SERVIDOR-001;01/10/2026;10:15:36;10156;svchost.exe;running;0.00;NORMAL
TORRE-001;SERVIDOR-001;01/10/2026;10:15:36;10224;msedgewebview2.exe;running;0.00;NORMAL
TORRE-001;SERVIDOR-001;01/10/2026;10:15:36;10316;Code.exe;running;0.00;NORMAL
TORRE-001;SERVIDOR-001;01/10/2026;10:15:36;10400;CodeSetup-stable-07f806f999227108933c2e30515b26eecc1fda74.exe;running;0.00;NORMAL
TORRE-001;SERVIDOR-001;01/10/2026;10:15:36;10404;opera.exe;running;0.00;NORMAL
TORRE-001;SERVIDOR-001;01/10/2026;10:15:36;10452;opera.exe;running;0.00;NORMAL
TORRE-001;SERVIDOR-001;01/10/2026;10:15:36;10540;AMDRSServ.exe;running;0.00;NORMAL
TORRE-001;SERVIDOR-001;01/10/2026;10:15:36;10648;WUDFHost.exe;running;0.00;NORMAL
TORRE-001;SERVIDOR-001;01/10/2026;10:15:36;10716;explorer.exe;running;0.00;NORMAL
TORRE-001;SERVIDOR-001;01/10/2026;10:15:36;10760;SynTPHelper.exe;running;0.00;NORMAL
TORRE-001;SERVIDOR-001;01/10/2026;10:15:36;10764;svchost.exe;running;0.00;NORMAL
TORRE-001;SERVIDOR-001;01/10/2026;10:15:36;10788;msedgewebview2.exe;running;0.00;NORMAL
TORRE-001;SERVIDOR-001;01/10/2026;10:15:36;10920;msedgewebview2.exe;running;0.00;NORMAL
TORRE-001;SERVIDOR-001;01/10/2026;10:15:36;11204;svchost.exe;running;0.00;NORMAL
TORRE-001;SERVIDOR-001;01/10/2026;10:15:36;11272;msedgewebview2.exe;running;0.00;NORMAL
TORRE-001;SERVIDOR-001;01/10/2026;10:15:36;11324;svchost.exe;running;0.00;NORMAL
TORRE-001;SERVIDOR-001;01/10/2026;10:15:36;11408;Code.exe;running;0.00;NORMAL
TORRE-001;SERVIDOR-001;01/10/2026;10:15:36;11568;svchost.exe;running;0.00;NORMAL
TORRE-001;SERVIDOR-001;01/10/2026;10:15:36;11592;Code.exe;running;0.00;NORMAL
TORRE-001;SERVIDOR-001;01/10/2026;10:15:36;11724;svchost.exe;running;0.00;NORMAL
TORRE-001;SERVIDOR-001;01/10/2026;10:15:36;12240;SnippingTool.exe;running;0.00;NORMAL
TORRE-001;SERVIDOR-001;01/10/2026;10:15:36;12604;svchost.exe;running;0.00;NORMAL
TORRE-001;SERVIDOR-001;01/10/2026;10:15:36;12852;Code.exe;running;0.00;NORMAL
TORRE-001;SERVIDOR-001;01/10/2026;10:15:36;12976;opera.exe;running;0.00;NORMAL
TORRE-001;SERVIDOR-001;01/10/2026;10:15:36;13056;DefenderSessionHelper.exe;running;0.00;NORMAL
TORRE-001;SERVIDOR-001;01/10/2026;10:15:36;13212;steamwebhelper.exe;running;0.00;NORMAL
TORRE-001;SERVIDOR-001;01/10/2026;10:15:36;13372;opera.exe;running;0.00;NORMAL
TORRE-001;SERVIDOR-001;01/10/2026;10:15:36;13388;bash.exe;running;0.00;NORMAL
TORRE-001;SERVIDOR-001;01/10/2026;10:15:36;13488;steamwebhelper.exe;running;0.00;NORMAL
TORRE-001;SERVIDOR-001;01/10/2026;10:15:36;13728;msedgewebview2.exe;running;0.00;NORMAL
TORRE-001;SERVIDOR-001;01/10/2026;10:15:36;13792;opera.exe;running;0.00;NORMAL
TORRE-001;SERVIDOR-001;01/10/2026;10:15:36;13860;GameBar.exe;running;0.00;NORMAL
TORRE-001;SERVIDOR-001;01/10/2026;10:15:36;13864;svchost.exe;running;0.00;NORMAL
TORRE-001;SERVIDOR-001;01/10/2026;10:15:36;14096;opera.exe;running;0.00;NORMAL
TORRE-001;SERVIDOR-001;01/10/2026;10:15:36;14184;SystemSettingsBroker.exe;running;0.00;NORMAL
TORRE-001;SERVIDOR-001;01/10/2026;10:15:36;14196;svchost.exe;running;0.00;NORMAL
TORRE-001;SERVIDOR-001;01/10/2026;10:15:36;14316;dllhost.exe;running;0.00;NORMAL
TORRE-001;SERVIDOR-001;01/10/2026;10:15:36;14376;WidgetService.exe;running;0.00;NORMAL
TORRE-001;SERVIDOR-001;01/10/2026;10:15:36;14508;opera.exe;running;0.00;NORMAL
TORRE-001;SERVIDOR-001;01/10/2026;10:15:36;14516;opera.exe;running;0.00;NORMAL
TORRE-001;SERVIDOR-001;01/10/2026;10:15:36;14940;Code.exe;running;0.00;NORMAL
TORRE-001;SERVIDOR-001;01/10/2026;10:15:36;14952;msedgewebview2.exe;running;0.00;NORMAL
TORRE-001;SERVIDOR-001;01/10/2026;10:15:36;14996;svchost.exe;running;0.00;NORMAL
TORRE-001;SERVIDOR-001;01/10/2026;10:15:36;15012;svchost.exe;running;0.00;NORMAL
TORRE-001;SERVIDOR-001;01/10/2026;10:15:36;15076;svchost.exe;running;0.00;NORMAL
TORRE-001;SERVIDOR-001;01/10/2026;10:15:36;15084;msedgewebview2.exe;running;0.00;NORMAL
TORRE-001;SERVIDOR-001;01/10/2026;10:15:36;15092;wallpaper64.exe;running;0.00;NORMAL
TORRE-001;SERVIDOR-001;01/10/2026;10:15:36;15112;PhoneExperienceHost.exe;running;0.00;NORMAL
TORRE-001;SERVIDOR-001;01/10/2026;10:15:36;15260;audiodg.exe;running;0.00;NORMAL
TORRE-001;SERVIDOR-001;01/10/2026;10:15:36;15356;conhost.exe;running;0.00;NORMAL
TORRE-001;SERVIDOR-001;01/10/2026;10:15:36;15372;svchost.exe;running;0.00;NORMAL
TORRE-001;SERVIDOR-001;01/10/2026;10:15:36;15512;svchost.exe;running;0.00;NORMAL
TORRE-001;SERVIDOR-001;01/10/2026;10:15:36;15612;shtctky.exe;running;0.00;NORMAL
TORRE-001;SERVIDOR-001;01/10/2026;10:15:36;15804;RuntimeBroker.exe;running;0.00;NORMAL
TORRE-001;SERVIDOR-001;01/10/2026;10:15:36;15820;steamwebhelper.exe;running;0.00;NORMAL
TORRE-001;SERVIDOR-001;01/10/2026;10:15:36;15864;OneDrive.exe;running;0.00;NORMAL
TORRE-001;SERVIDOR-001;01/10/2026;10:15:36;15940;Widgets.exe;running;0.00;NORMAL
TORRE-001;SERVIDOR-001;01/10/2026;10:15:36;16120;SecurityHealthSystray.exe;running;0.00;NORMAL
TORRE-001;SERVIDOR-001;01/10/2026;10:15:36;16164;Code.exe;running;0.00;NORMAL
TORRE-001;SERVIDOR-001;01/10/2026;10:15:36;16192;RuntimeBroker.exe;running;0.00;NORMAL
TORRE-001;SERVIDOR-001;01/10/2026;10:15:36;16304;fontdrvhost.exe;running;0.00;NORMAL
TORRE-001;SERVIDOR-001;01/10/2026;10:15:36;16324;opera.exe;running;0.00;NORMAL
TORRE-001;SERVIDOR-001;01/10/2026;10:15:36;16428;msedgewebview2.exe;running;0.00;NORMAL
TORRE-001;SERVIDOR-001;01/10/2026;10:15:36;16464;Code.exe;running;0.00;NORMAL
TORRE-001;SERVIDOR-001;01/10/2026;10:15:36;16468;steamwebhelper.exe;running;0.00;NORMAL
TORRE-001;SERVIDOR-001;01/10/2026;10:15:36;16620;CodeSetup-stable-07f806f999227108933c2e30515b26eecc1fda74.tmp;running;0.00;NORMAL
TORRE-001;SERVIDOR-001;01/10/2026;10:15:36;16696;msedge.exe;running;0.00;NORMAL
TORRE-001;SERVIDOR-001;01/10/2026;10:15:36;16720;steamwebhelper.exe;running;0.00;NORMAL
TORRE-001;SERVIDOR-001;01/10/2026;10:15:36;16724;opera.exe;running;0.00;NORMAL
TORRE-001;SERVIDOR-001;01/10/2026;10:15:36;17064;opera.exe;running;0.00;NORMAL
TORRE-001;SERVIDOR-001;01/10/2026;10:15:36;17156;conhost.exe;running;0.00;NORMAL
TORRE-001;SERVIDOR-001;01/10/2026;10:15:36;17536;RuntimeBroker.exe;running;0.00;NORMAL
TORRE-001;SERVIDOR-001;01/10/2026;10:15:36;17552;svchost.exe;running;0.00;NORMAL
TORRE-001;SERVIDOR-001;01/10/2026;10:15:36;17588;opera.exe;running;0.00;NORMAL
TORRE-001;SERVIDOR-001;01/10/2026;10:15:36;17644;sihost.exe;running;0.00;NORMAL
TORRE-001;SERVIDOR-001;01/10/2026;10:15:36;17816;msedge.exe;running;0.00;NORMAL
TORRE-001;SERVIDOR-001;01/10/2026;10:15:36;17972;AMDRSSrcExt.exe;running;0.00;NORMAL
TORRE-001;SERVIDOR-001;01/10/2026;10:15:36;18088;CalculatorApp.exe;running;0.00;NORMAL
TORRE-001;SERVIDOR-001;01/10/2026;10:15:36;18104;cncmd.exe;running;0.00;NORMAL
TORRE-001;SERVIDOR-001;01/10/2026;10:15:36;18172;msedgewebview2.exe;running;0.00;NORMAL
TORRE-001;SERVIDOR-001;01/10/2026;10:15:36;18472;CrossDeviceService.exe;running;0.00;NORMAL
TORRE-001;SERVIDOR-001;01/10/2026;10:15:36;18856;Code.exe;running;0.00;NORMAL
TORRE-001;SERVIDOR-001;01/10/2026;10:15:36;18880;msedgewebview2.exe;running;0.00;NORMAL
TORRE-001;SERVIDOR-001;01/10/2026;10:15:36;18896;svchost.exe;running;0.00;NORMAL
TORRE-001;SERVIDOR-001;01/10/2026;10:15:36;18912;opera.exe;running;0.00;NORMAL
TORRE-001;SERVIDOR-001;01/10/2026;10:15:36;19140;Code.exe;running;0.00;NORMAL
TORRE-001;SERVIDOR-001;01/10/2026;10:15:36;19160;opera.exe;running;0.00;NORMAL
TORRE-001;SERVIDOR-001;01/10/2026;10:15:36;19176;csrss.exe;running;0.00;NORMAL
TORRE-001;SERVIDOR-001;01/10/2026;10:15:36;19196;msedgewebview2.exe;running;0.00;NORMAL
TORRE-001;SERVIDOR-001;01/10/2026;10:15:36;19200;StartMenuExperienceHost.exe;running;0.00;NORMAL
TORRE-001;SERVIDOR-001;01/10/2026;10:15:36;19216;ApplicationFrameHost.exe;running;0.00;NORMAL
TORRE-001;SERVIDOR-001;01/10/2026;10:15:36;19272;ShellExperienceHost.exe;stopped;0.00;NORMAL
TORRE-001;SERVIDOR-001;01/10/2026;10:15:36;19284;conhost.exe;running;0.00;NORMAL
TORRE-001;SERVIDOR-001;01/10/2026;10:15:36;19608;svchost.exe;running;0.00;NORMAL
TORRE-001;SERVIDOR-001;01/10/2026;10:15:36;19632;svchost.exe;running;0.00;NORMAL
TORRE-001;SERVIDOR-001;01/10/2026;10:15:36;19780;opera.exe;running;0.00;NORMAL
TORRE-001;SERVIDOR-001;01/10/2026;10:15:36;19788;msedgewebview2.exe;running;0.00;NORMAL
TORRE-001;SERVIDOR-001;01/10/2026;10:15:36;19880;opera.exe;running;0.00;NORMAL
TORRE-001;SERVIDOR-001;01/10/2026;10:15:36;19912;svchost.exe;running;0.00;NORMAL
TORRE-001;SERVIDOR-001;01/10/2026;10:15:36;19956;msedgewebview2.exe;running;0.00;NORMAL
TORRE-001;SERVIDOR-001;01/10/2026;10:15:36;20212;Code.exe;running;0.00;NORMAL
TORRE-001;SERVIDOR-001;01/10/2026;10:15:36;20328;opera.exe;running;0.00;NORMAL
TORRE-001;SERVIDOR-001;01/10/2026;10:15:36;20412;svchost.exe;running;0.00;NORMAL
TORRE-001;SERVIDOR-001;01/10/2026;10:15:36;20440;opera.exe;running;0.00;NORMAL
TORRE-001;SERVIDOR-001;01/10/2026;10:15:36;20512;TranslucentTB.exe;running;0.00;NORMAL
TORRE-001;SERVIDOR-001;01/10/2026;10:15:36;20624;msedgewebview2.exe;running;0.00;NORMAL
TORRE-001;SERVIDOR-001;01/10/2026;10:15:36;20708;CastSrv.exe;running;0.00;NORMAL
TORRE-001;SERVIDOR-001;01/10/2026;10:15:36;20768;SystemSettings.exe;stopped;0.00;NORMAL
TORRE-001;SERVIDOR-001;01/10/2026;10:15:36;20812;RuntimeBroker.exe;running;0.00;NORMAL
TORRE-001;SERVIDOR-001;01/10/2026;10:15:36;20888;svchost.exe;running;0.00;NORMAL
TORRE-001;SERVIDOR-001;01/10/2026;10:15:36;20904;conhost.exe;running;0.00;NORMAL
TORRE-001;SERVIDOR-001;01/10/2026;10:15:36;20988;opera.exe;running;0.00;NORMAL
TORRE-001;SERVIDOR-001;01/10/2026;10:15:36;21020;svchost.exe;running;0.00;NORMAL
TORRE-001;SERVIDOR-001;01/10/2026;10:15:36;21264;msedgewebview2.exe;running;0.00;NORMAL
TORRE-001;SERVIDOR-001;01/10/2026;10:15:36;21624;svchost.exe;running;0.00;NORMAL
TORRE-001;SERVIDOR-001;01/10/2026;10:15:36;21692;opera.exe;running;0.00;NORMAL
TORRE-001;SERVIDOR-001;01/10/2026;10:15:36;21756;RuntimeBroker.exe;running;0.00;NORMAL
TORRE-001;SERVIDOR-001;01/10/2026;10:15:36;21956;svchost.exe;running;0.00;NORMAL
TORRE-001;SERVIDOR-001;01/10/2026;10:15:36;22076;Code.exe;running;0.00;NORMAL
TORRE-001;SERVIDOR-001;01/10/2026;10:15:36;22156;browser_assistant.exe;running;0.00;NORMAL
TORRE-001;SERVIDOR-001;01/10/2026;10:15:36;22228;msedgewebview2.exe;running;0.00;NORMAL
TORRE-001;SERVIDOR-001;01/10/2026;10:15:36;22296;LockApp.exe;stopped;0.00;NORMAL
TORRE-001;SERVIDOR-001;01/10/2026;10:15:36;22504;msedgewebview2.exe;running;0.00;NORMAL
TORRE-001;SERVIDOR-001;01/10/2026;10:15:36;22688;taskhostw.exe;running;0.00;NORMAL
TORRE-001;SERVIDOR-001;01/10/2026;10:15:36;22696;opera.exe;running;0.00;NORMAL
TORRE-001;SERVIDOR-001;01/10/2026;10:15:36;22852;Code.exe;running;0.00;NORMAL
TORRE-001;SERVIDOR-001;01/10/2026;10:15:36;22920;dllhost.exe;running;0.00;NORMAL
TORRE-001;SERVIDOR-001;01/10/2026;10:15:36;22940;msedge.exe;running;0.00;NORMAL
TORRE-001;SERVIDOR-001;01/10/2026;10:15:36;23088;opera_crashreporter.exe;running;0.00;NORMAL
TORRE-001;SERVIDOR-001;01/10/2026;10:15:36;23116;RuntimeBroker.exe;running;0.00;NORMAL
TORRE-001;SERVIDOR-001;01/10/2026;10:15:36;23212;opera.exe;running;0.00;NORMAL
TORRE-001;SERVIDOR-001;01/10/2026;10:15:36;23424;OpenConsole.exe;running;0.00;NORMAL
TORRE-001;SERVIDOR-001;01/10/2026;10:15:36;23436;unsecapp.exe;running;0.00;NORMAL
TORRE-001;SERVIDOR-001;01/10/2026;10:15:36;23452;Notepad.exe;running;0.00;NORMAL
TORRE-001;SERVIDOR-001;01/10/2026;10:15:36;23488;opera.exe;running;0.00;NORMAL
TORRE-001;SERVIDOR-001;01/10/2026;10:15:36;23516;opera.exe;running;0.00;NORMAL
TORRE-001;SERVIDOR-001;01/10/2026;10:15:36;23580;DAX3API.exe;running;0.00;NORMAL
TORRE-001;SERVIDOR-001;01/10/2026;10:15:36;23780;RuntimeBroker.exe;running;0.00;NORMAL
TORRE-001;SERVIDOR-001;01/10/2026;10:15:36;23856;tposd.exe;running;0.00;NORMAL
TORRE-001;SERVIDOR-001;01/10/2026;10:15:36;23944;Code.exe;running;0.00;NORMAL
TORRE-001;SERVIDOR-001;01/10/2026;10:15:36;24284;svchost.exe;running;0.00;NORMAL
TORRE-001;SERVIDOR-001;01/10/2026;10:15:36;24288;Code.exe;running;0.00;NORMAL
TORRE-001;SERVIDOR-001;01/10/2026;10:15:36;24660;Code.exe;running;0.00;NORMAL
TORRE-001;SERVIDOR-001;01/10/2026;10:15:36;24768;TextInputHost.exe;running;0.00;NORMAL
TORRE-001;SERVIDOR-001;01/10/2026;10:15:36;25092;msedgewebview2.exe;running;0.00;NORMAL
TORRE-001;SERVIDOR-001;01/10/2026;10:15:36;25616;msedge.exe;running;0.00;NORMAL
TORRE-001;SERVIDOR-001;01/10/2026;10:15:36;25960;Code.exe;running;0.00;NORMAL
TORRE-001;SERVIDOR-001;01/10/2026;10:15:36;26172;ctfmon.exe;running;0.00;NORMAL
TORRE-001;SERVIDOR-001;01/10/2026;10:15:36;26224;opera.exe;running;0.00;NORMAL
TORRE-001;SERVIDOR-001;01/10/2026;10:15:36;26428;opera.exe;running;0.00;NORMAL
TORRE-001;SERVIDOR-001;01/10/2026;10:15:36;26480;opera.exe;running;0.00;NORMAL
TORRE-001;SERVIDOR-001;01/10/2026;10:15:36;26512;OneDrive.Sync.Service.exe;running;0.00;NORMAL
TORRE-001;SERVIDOR-001;01/10/2026;10:15:46;0;System Idle Process;running;95.75;CRITICO
TORRE-001;SERVIDOR-001;01/10/2026;10:15:46;7036;python.exe;running;1.57;NORMAL
TORRE-001;SERVIDOR-001;01/10/2026;10:15:46;17304;WmiPrvSE.exe;running;0.92;NORMAL
TORRE-001;SERVIDOR-001;01/10/2026;10:15:46;15332;Taskmgr.exe;running;0.78;NORMAL
TORRE-001;SERVIDOR-001;01/10/2026;10:15:46;4088;Code.exe;running;0.13;NORMAL
TORRE-001;SERVIDOR-001;01/10/2026;10:15:46;4;System;running;0.12;NORMAL
TORRE-001;SERVIDOR-001;01/10/2026;10:15:46;4760;MsMpEng.exe;running;0.08;NORMAL
TORRE-001;SERVIDOR-001;01/10/2026;10:15:46;17892;dwm.exe;running;0.08;NORMAL
TORRE-001;SERVIDOR-001;01/10/2026;10:15:46;3344;opera.exe;running;0.07;NORMAL
TORRE-001;SERVIDOR-001;01/10/2026;10:15:46;4668;svchost.exe;running;0.07;NORMAL
TORRE-001;SERVIDOR-001;01/10/2026;10:15:46;7536;SynTPEnh.exe;running;0.06;NORMAL
TORRE-001;SERVIDOR-001;01/10/2026;10:15:46;16724;opera.exe;running;0.06;NORMAL
TORRE-001;SERVIDOR-001;01/10/2026;10:15:46;8680;mintty.exe;running;0.05;NORMAL
TORRE-001;SERVIDOR-001;01/10/2026;10:15:46;23368;Code.exe;running;0.03;NORMAL
TORRE-001;SERVIDOR-001;01/10/2026;10:15:46;708;opera.exe;running;0.02;NORMAL
TORRE-001;SERVIDOR-001;01/10/2026;10:15:46;2448;svchost.exe;running;0.02;NORMAL
TORRE-001;SERVIDOR-001;01/10/2026;10:15:46;10788;msedgewebview2.exe;running;0.02;NORMAL
TORRE-001;SERVIDOR-001;01/10/2026;10:15:46;13372;opera.exe;running;0.02;NORMAL
TORRE-001;SERVIDOR-001;01/10/2026;10:15:46;14796;GameBarFTServer.exe;running;0.02;NORMAL
TORRE-001;SERVIDOR-001;01/10/2026;10:15:46;18296;steam.exe;running;0.02;NORMAL
TORRE-001;SERVIDOR-001;01/10/2026;10:15:46;22632;jetbrains-toolbox.exe;running;0.02;NORMAL
TORRE-001;SERVIDOR-001;01/10/2026;10:15:46;25980;Code.exe;running;0.02;NORMAL
TORRE-001;SERVIDOR-001;01/10/2026;10:15:46;2216;svchost.exe;running;0.01;NORMAL
TORRE-001;SERVIDOR-001;01/10/2026;10:15:46;2716;powershell.exe;running;0.01;NORMAL
TORRE-001;SERVIDOR-001;01/10/2026;10:15:46;4676;svchost.exe;running;0.01;NORMAL
TORRE-001;SERVIDOR-001;01/10/2026;10:15:46;7056;msedgewebview2.exe;running;0.01;NORMAL
TORRE-001;SERVIDOR-001;01/10/2026;10:15:46;8836;RadeonSoftware.exe;running;0.01;NORMAL
TORRE-001;SERVIDOR-001;01/10/2026;10:15:46;13212;steamwebhelper.exe;running;0.01;NORMAL
TORRE-001;SERVIDOR-001;01/10/2026;10:15:46;13388;bash.exe;running;0.01;NORMAL
TORRE-001;SERVIDOR-001;01/10/2026;10:15:46;16464;Code.exe;running;0.01;NORMAL
TORRE-001;SERVIDOR-001;01/10/2026;10:15:46;16468;steamwebhelper.exe;running;0.01;NORMAL
TORRE-001;SERVIDOR-001;01/10/2026;10:15:46;19176;csrss.exe;running;0.01;NORMAL
TORRE-001;SERVIDOR-001;01/10/2026;10:15:46;19780;opera.exe;running;0.01;NORMAL
TORRE-001;SERVIDOR-001;01/10/2026;10:15:46;25708;Code.exe;running;0.01;NORMAL
TORRE-001;SERVIDOR-001;01/10/2026;10:15:46;140;desconhecido;stopped;0.00;NORMAL
TORRE-001;SERVIDOR-001;01/10/2026;10:15:46;176;Registry;running;0.00;NORMAL
TORRE-001;SERVIDOR-001;01/10/2026;10:15:46;648;smss.exe;running;0.00;NORMAL
TORRE-001;SERVIDOR-001;01/10/2026;10:15:46;724;csrss.exe;running;0.00;NORMAL
TORRE-001;SERVIDOR-001;01/10/2026;10:15:46;860;msedge.exe;running;0.00;NORMAL
TORRE-001;SERVIDOR-001;01/10/2026;10:15:46;872;Code.exe;running;0.00;NORMAL
TORRE-001;SERVIDOR-001;01/10/2026;10:15:46;1148;svchost.exe;running;0.00;NORMAL
TORRE-001;SERVIDOR-001;01/10/2026;10:15:46;1152;wininit.exe;running;0.00;NORMAL
TORRE-001;SERVIDOR-001;01/10/2026;10:15:46;1232;services.exe;running;0.00;NORMAL
TORRE-001;SERVIDOR-001;01/10/2026;10:15:46;1280;msedgewebview2.exe;running;0.00;NORMAL
TORRE-001;SERVIDOR-001;01/10/2026;10:15:46;1292;msedgewebview2.exe;running;0.00;NORMAL
TORRE-001;SERVIDOR-001;01/10/2026;10:15:46;1316;LsaIso.exe;running;0.00;NORMAL
TORRE-001;SERVIDOR-001;01/10/2026;10:15:46;1332;lsass.exe;running;0.00;NORMAL
TORRE-001;SERVIDOR-001;01/10/2026;10:15:46;1344;svchost.exe;running;0.00;NORMAL
TORRE-001;SERVIDOR-001;01/10/2026;10:15:46;1396;svchost.exe;running;0.00;NORMAL
TORRE-001;SERVIDOR-001;01/10/2026;10:15:46;1436;AggregatorHost.exe;running;0.00;NORMAL
TORRE-001;SERVIDOR-001;01/10/2026;10:15:46;1460;svchost.exe;running;0.00;NORMAL
TORRE-001;SERVIDOR-001;01/10/2026;10:15:46;1488;fontdrvhost.exe;running;0.00;NORMAL
TORRE-001;SERVIDOR-001;01/10/2026;10:15:46;1504;svchost.exe;running;0.00;NORMAL
TORRE-001;SERVIDOR-001;01/10/2026;10:15:46;1512;steamwebhelper.exe;running;0.00;NORMAL
TORRE-001;SERVIDOR-001;01/10/2026;10:15:46;1552;WUDFHost.exe;running;0.00;NORMAL
TORRE-001;SERVIDOR-001;01/10/2026;10:15:46;1620;svchost.exe;running;0.00;NORMAL
TORRE-001;SERVIDOR-001;01/10/2026;10:15:46;1704;svchost.exe;running;0.00;NORMAL
TORRE-001;SERVIDOR-001;01/10/2026;10:15:46;1728;svchost.exe;running;0.00;NORMAL
TORRE-001;SERVIDOR-001;01/10/2026;10:15:46;1784;svchost.exe;running;0.00;NORMAL
TORRE-001;SERVIDOR-001;01/10/2026;10:15:46;1836;SearchHost.exe;stopped;0.00;NORMAL
TORRE-001;SERVIDOR-001;01/10/2026;10:15:46;1852;svchost.exe;running;0.00;NORMAL
TORRE-001;SERVIDOR-001;01/10/2026;10:15:46;1896;svchost.exe;running;0.00;NORMAL
TORRE-001;SERVIDOR-001;01/10/2026;10:15:46;1912;svchost.exe;running;0.00;NORMAL
TORRE-001;SERVIDOR-001;01/10/2026;10:15:46;1924;svchost.exe;running;0.00;NORMAL
TORRE-001;SERVIDOR-001;01/10/2026;10:15:46;2012;svchost.exe;running;0.00;NORMAL
TORRE-001;SERVIDOR-001;01/10/2026;10:15:46;2112;svchost.exe;running;0.00;NORMAL
TORRE-001;SERVIDOR-001;01/10/2026;10:15:46;2188;FileCoAuth.exe;running;0.00;NORMAL
TORRE-001;SERVIDOR-001;01/10/2026;10:15:46;2344;opera.exe;running;0.00;NORMAL
TORRE-001;SERVIDOR-001;01/10/2026;10:15:46;2420;svchost.exe;running;0.00;NORMAL
TORRE-001;SERVIDOR-001;01/10/2026;10:15:46;2428;UserOOBEBroker.exe;running;0.00;NORMAL
TORRE-001;SERVIDOR-001;01/10/2026;10:15:46;2508;svchost.exe;running;0.00;NORMAL
TORRE-001;SERVIDOR-001;01/10/2026;10:15:46;2596;svchost.exe;running;0.00;NORMAL
TORRE-001;SERVIDOR-001;01/10/2026;10:15:46;2752;OpenConsole.exe;running;0.00;NORMAL
TORRE-001;SERVIDOR-001;01/10/2026;10:15:46;2768;svchost.exe;running;0.00;NORMAL
TORRE-001;SERVIDOR-001;01/10/2026;10:15:46;2772;svchost.exe;running;0.00;NORMAL
TORRE-001;SERVIDOR-001;01/10/2026;10:15:46;2872;svchost.exe;running;0.00;NORMAL
TORRE-001;SERVIDOR-001;01/10/2026;10:15:46;2924;svchost.exe;running;0.00;NORMAL
TORRE-001;SERVIDOR-001;01/10/2026;10:15:46;2980;SynTPEnhService.exe;running;0.00;NORMAL
TORRE-001;SERVIDOR-001;01/10/2026;10:15:46;3008;svchost.exe;running;0.00;NORMAL
TORRE-001;SERVIDOR-001;01/10/2026;10:15:46;3032;svchost.exe;running;0.00;NORMAL
TORRE-001;SERVIDOR-001;01/10/2026;10:15:46;3120;atiesrxx.exe;running;0.00;NORMAL
TORRE-001;SERVIDOR-001;01/10/2026;10:15:46;3128;amdfendrsr.exe;running;0.00;NORMAL
TORRE-001;SERVIDOR-001;01/10/2026;10:15:46;3144;svchost.exe;running;0.00;NORMAL
TORRE-001;SERVIDOR-001;01/10/2026;10:15:46;3204;RtkAudUService64.exe;running;0.00;NORMAL
TORRE-001;SERVIDOR-001;01/10/2026;10:15:46;3256;Code.exe;running;0.00;NORMAL
TORRE-001;SERVIDOR-001;01/10/2026;10:15:46;3316;svchost.exe;running;0.00;NORMAL
TORRE-001;SERVIDOR-001;01/10/2026;10:15:46;3464;svchost.exe;running;0.00;NORMAL
TORRE-001;SERVIDOR-001;01/10/2026;10:15:46;3468;svchost.exe;running;0.00;NORMAL
TORRE-001;SERVIDOR-001;01/10/2026;10:15:46;3480;svchost.exe;running;0.00;NORMAL
TORRE-001;SERVIDOR-001;01/10/2026;10:15:46;3500;SearchIndexer.exe;running;0.00;NORMAL
TORRE-001;SERVIDOR-001;01/10/2026;10:15:46;3576;MemCompression;running;0.00;NORMAL
TORRE-001;SERVIDOR-001;01/10/2026;10:15:46;3616;svchost.exe;running;0.00;NORMAL
TORRE-001;SERVIDOR-001;01/10/2026;10:15:46;3648;svchost.exe;running;0.00;NORMAL
TORRE-001;SERVIDOR-001;01/10/2026;10:15:46;3656;svchost.exe;running;0.00;NORMAL
TORRE-001;SERVIDOR-001;01/10/2026;10:15:46;3672;opera.exe;running;0.00;NORMAL
TORRE-001;SERVIDOR-001;01/10/2026;10:15:46;3716;svchost.exe;running;0.00;NORMAL
TORRE-001;SERVIDOR-001;01/10/2026;10:15:46;3804;opera.exe;running;0.00;NORMAL
TORRE-001;SERVIDOR-001;01/10/2026;10:15:46;3832;svchost.exe;running;0.00;NORMAL
TORRE-001;SERVIDOR-001;01/10/2026;10:15:46;3860;svchost.exe;running;0.00;NORMAL
TORRE-001;SERVIDOR-001;01/10/2026;10:15:46;3948;svchost.exe;running;0.00;NORMAL
TORRE-001;SERVIDOR-001;01/10/2026;10:15:46;3972;svchost.exe;running;0.00;NORMAL
TORRE-001;SERVIDOR-001;01/10/2026;10:15:46;4092;svchost.exe;running;0.00;NORMAL
TORRE-001;SERVIDOR-001;01/10/2026;10:15:46;4216;spoolsv.exe;running;0.00;NORMAL
TORRE-001;SERVIDOR-001;01/10/2026;10:15:46;4224;wlanext.exe;running;0.00;NORMAL
TORRE-001;SERVIDOR-001;01/10/2026;10:15:46;4268;conhost.exe;running;0.00;NORMAL
TORRE-001;SERVIDOR-001;01/10/2026;10:15:46;4336;svchost.exe;running;0.00;NORMAL
TORRE-001;SERVIDOR-001;01/10/2026;10:15:46;4436;SecurityHealthService.exe;running;0.00;NORMAL
TORRE-001;SERVIDOR-001;01/10/2026;10:15:46;4448;svchost.exe;running;0.00;NORMAL
TORRE-001;SERVIDOR-001;01/10/2026;10:15:46;4608;DAX3API.exe;running;0.00;NORMAL
TORRE-001;SERVIDOR-001;01/10/2026;10:15:46;4620;svchost.exe;running;0.00;NORMAL
TORRE-001;SERVIDOR-001;01/10/2026;10:15:46;4628;svchost.exe;running;0.00;NORMAL
TORRE-001;SERVIDOR-001;01/10/2026;10:15:46;4640;ibmpmsvc.exe;running;0.00;NORMAL
TORRE-001;SERVIDOR-001;01/10/2026;10:15:46;4648;svchost.exe;running;0.00;NORMAL
TORRE-001;SERVIDOR-001;01/10/2026;10:15:46;4656;svchost.exe;running;0.00;NORMAL
TORRE-001;SERVIDOR-001;01/10/2026;10:15:46;4692;svchost.exe;running;0.00;NORMAL
TORRE-001;SERVIDOR-001;01/10/2026;10:15:46;4696;SynRpcServer.exe;running;0.00;NORMAL
TORRE-001;SERVIDOR-001;01/10/2026;10:15:46;4720;LITSSvc.exe;running;0.00;NORMAL
TORRE-001;SERVIDOR-001;01/10/2026;10:15:46;4740;MpDefenderCoreService.exe;running;0.00;NORMAL
TORRE-001;SERVIDOR-001;01/10/2026;10:15:46;4748;SmartStandby.exe;running;0.00;NORMAL
TORRE-001;SERVIDOR-001;01/10/2026;10:15:46;4756;mysqld.exe;running;0.00;NORMAL
TORRE-001;SERVIDOR-001;01/10/2026;10:15:46;4772;RtkAudUService64.exe;running;0.00;NORMAL
TORRE-001;SERVIDOR-001;01/10/2026;10:15:46;4780;FMService64.exe;running;0.00;NORMAL
TORRE-001;SERVIDOR-001;01/10/2026;10:15:46;4916;svchost.exe;running;0.00;NORMAL
TORRE-001;SERVIDOR-001;01/10/2026;10:15:46;5036;svchost.exe;running;0.00;NORMAL
TORRE-001;SERVIDOR-001;01/10/2026;10:15:46;5196;svchost.exe;running;0.00;NORMAL
TORRE-001;SERVIDOR-001;01/10/2026;10:15:46;5232;svchost.exe;running;0.00;NORMAL
TORRE-001;SERVIDOR-001;01/10/2026;10:15:46;5284;svchost.exe;running;0.00;NORMAL
TORRE-001;SERVIDOR-001;01/10/2026;10:15:46;5316;tphkload.exe;running;0.00;NORMAL
TORRE-001;SERVIDOR-001;01/10/2026;10:15:46;5344;mysqld.exe;running;0.00;NORMAL
TORRE-001;SERVIDOR-001;01/10/2026;10:15:46;5392;conhost.exe;running;0.00;NORMAL
TORRE-001;SERVIDOR-001;01/10/2026;10:15:46;5480;RuntimeBroker.exe;running;0.00;NORMAL
TORRE-001;SERVIDOR-001;01/10/2026;10:15:46;5612;svchost.exe;running;0.00;NORMAL
TORRE-001;SERVIDOR-001;01/10/2026;10:15:46;5808;RuntimeBroker.exe;running;0.00;NORMAL
TORRE-001;SERVIDOR-001;01/10/2026;10:15:46;5984;svchost.exe;running;0.00;NORMAL
TORRE-001;SERVIDOR-001;01/10/2026;10:15:46;6076;svchost.exe;running;0.00;NORMAL
TORRE-001;SERVIDOR-001;01/10/2026;10:15:46;6080;svchost.exe;running;0.00;NORMAL
TORRE-001;SERVIDOR-001;01/10/2026;10:15:46;6216;svchost.exe;running;0.00;NORMAL
TORRE-001;SERVIDOR-001;01/10/2026;10:15:46;6236;dllhost.exe;running;0.00;NORMAL
TORRE-001;SERVIDOR-001;01/10/2026;10:15:46;6288;svchost.exe;running;0.00;NORMAL
TORRE-001;SERVIDOR-001;01/10/2026;10:15:46;6552;svchost.exe;running;0.00;NORMAL
TORRE-001;SERVIDOR-001;01/10/2026;10:15:46;6616;NisSrv.exe;running;0.00;NORMAL
TORRE-001;SERVIDOR-001;01/10/2026;10:15:46;6628;browser_assistant.exe;running;0.00;NORMAL
TORRE-001;SERVIDOR-001;01/10/2026;10:15:46;6668;RuntimeBroker.exe;running;0.00;NORMAL
TORRE-001;SERVIDOR-001;01/10/2026;10:15:46;6724;opera.exe;running;0.00;NORMAL
TORRE-001;SERVIDOR-001;01/10/2026;10:15:46;6796;opera.exe;running;0.00;NORMAL
TORRE-001;SERVIDOR-001;01/10/2026;10:15:46;6912;powershell.exe;running;0.00;NORMAL
TORRE-001;SERVIDOR-001;01/10/2026;10:15:46;6924;svchost.exe;running;0.00;NORMAL
TORRE-001;SERVIDOR-001;01/10/2026;10:15:46;6960;svchost.exe;running;0.00;NORMAL
TORRE-001;SERVIDOR-001;01/10/2026;10:15:46;6964;pet.exe;running;0.00;NORMAL
TORRE-001;SERVIDOR-001;01/10/2026;10:15:46;6984;MoUsoCoreWorker.exe;running;0.00;NORMAL
TORRE-001;SERVIDOR-001;01/10/2026;10:15:46;6996;svchost.exe;running;0.00;NORMAL
TORRE-001;SERVIDOR-001;01/10/2026;10:15:46;7184;powershell.exe;running;0.00;NORMAL
TORRE-001;SERVIDOR-001;01/10/2026;10:15:46;7312;svchost.exe;running;0.00;NORMAL
TORRE-001;SERVIDOR-001;01/10/2026;10:15:46;7376;RtkAudUService64.exe;running;0.00;NORMAL
TORRE-001;SERVIDOR-001;01/10/2026;10:15:46;7700;LinkedIn.exe;running;0.00;NORMAL
TORRE-001;SERVIDOR-001;01/10/2026;10:15:46;7848;svchost.exe;running;0.00;NORMAL
TORRE-001;SERVIDOR-001;01/10/2026;10:15:46;7896;WUDFHost.exe;running;0.00;NORMAL
TORRE-001;SERVIDOR-001;01/10/2026;10:15:46;7984;M365Copilot.exe;running;0.00;NORMAL
TORRE-001;SERVIDOR-001;01/10/2026;10:15:46;8104;OpenConsole.exe;running;0.00;NORMAL
TORRE-001;SERVIDOR-001;01/10/2026;10:15:46;8224;atieclxx.exe;running;0.00;NORMAL
TORRE-001;SERVIDOR-001;01/10/2026;10:15:46;8592;svchost.exe;running;0.00;NORMAL
TORRE-001;SERVIDOR-001;01/10/2026;10:15:46;8652;opera.exe;running;0.00;NORMAL
TORRE-001;SERVIDOR-001;01/10/2026;10:15:46;8816;svchost.exe;running;0.00;NORMAL
TORRE-001;SERVIDOR-001;01/10/2026;10:15:46;9292;svchost.exe;running;0.00;NORMAL
TORRE-001;SERVIDOR-001;01/10/2026;10:15:46;9380;opera.exe;running;0.00;NORMAL
TORRE-001;SERVIDOR-001;01/10/2026;10:15:46;9392;svchost.exe;running;0.00;NORMAL
TORRE-001;SERVIDOR-001;01/10/2026;10:15:46;9516;powershell.exe;running;0.00;NORMAL
TORRE-001;SERVIDOR-001;01/10/2026;10:15:46;9536;msedgewebview2.exe;running;0.00;NORMAL
TORRE-001;SERVIDOR-001;01/10/2026;10:15:46;9696;git-bash.exe;running;0.00;NORMAL
TORRE-001;SERVIDOR-001;01/10/2026;10:15:46;9748;winlogon.exe;running;0.00;NORMAL
TORRE-001;SERVIDOR-001;01/10/2026;10:15:46;9752;PowerMgr.exe;running;0.00;NORMAL
TORRE-001;SERVIDOR-001;01/10/2026;10:15:46;9820;steamwebhelper.exe;running;0.00;NORMAL
TORRE-001;SERVIDOR-001;01/10/2026;10:15:46;9936;steamservice.exe;running;0.00;NORMAL
TORRE-001;SERVIDOR-001;01/10/2026;10:15:46;9964;msedgewebview2.exe;running;0.00;NORMAL
TORRE-001;SERVIDOR-001;01/10/2026;10:15:46;10148;powershell.exe;running;0.00;NORMAL
TORRE-001;SERVIDOR-001;01/10/2026;10:15:46;10156;svchost.exe;running;0.00;NORMAL
TORRE-001;SERVIDOR-001;01/10/2026;10:15:46;10224;msedgewebview2.exe;running;0.00;NORMAL
TORRE-001;SERVIDOR-001;01/10/2026;10:15:46;10316;Code.exe;running;0.00;NORMAL
TORRE-001;SERVIDOR-001;01/10/2026;10:15:46;10400;CodeSetup-stable-07f806f999227108933c2e30515b26eecc1fda74.exe;running;0.00;NORMAL
TORRE-001;SERVIDOR-001;01/10/2026;10:15:46;10404;opera.exe;running;0.00;NORMAL
TORRE-001;SERVIDOR-001;01/10/2026;10:15:46;10452;opera.exe;running;0.00;NORMAL
TORRE-001;SERVIDOR-001;01/10/2026;10:15:46;10540;AMDRSServ.exe;running;0.00;NORMAL
TORRE-001;SERVIDOR-001;01/10/2026;10:15:46;10648;WUDFHost.exe;running;0.00;NORMAL
TORRE-001;SERVIDOR-001;01/10/2026;10:15:46;10716;explorer.exe;running;0.00;NORMAL
TORRE-001;SERVIDOR-001;01/10/2026;10:15:46;10760;SynTPHelper.exe;running;0.00;NORMAL
TORRE-001;SERVIDOR-001;01/10/2026;10:15:46;10764;svchost.exe;running;0.00;NORMAL
TORRE-001;SERVIDOR-001;01/10/2026;10:15:46;10920;msedgewebview2.exe;running;0.00;NORMAL
TORRE-001;SERVIDOR-001;01/10/2026;10:15:46;11204;svchost.exe;running;0.00;NORMAL
TORRE-001;SERVIDOR-001;01/10/2026;10:15:46;11272;msedgewebview2.exe;running;0.00;NORMAL
TORRE-001;SERVIDOR-001;01/10/2026;10:15:46;11324;svchost.exe;running;0.00;NORMAL
TORRE-001;SERVIDOR-001;01/10/2026;10:15:46;11408;Code.exe;running;0.00;NORMAL
TORRE-001;SERVIDOR-001;01/10/2026;10:15:46;11568;svchost.exe;running;0.00;NORMAL
TORRE-001;SERVIDOR-001;01/10/2026;10:15:46;11592;Code.exe;running;0.00;NORMAL
TORRE-001;SERVIDOR-001;01/10/2026;10:15:46;11724;svchost.exe;running;0.00;NORMAL
TORRE-001;SERVIDOR-001;01/10/2026;10:15:46;12240;SnippingTool.exe;running;0.00;NORMAL
TORRE-001;SERVIDOR-001;01/10/2026;10:15:46;12604;svchost.exe;running;0.00;NORMAL
TORRE-001;SERVIDOR-001;01/10/2026;10:15:46;12852;Code.exe;running;0.00;NORMAL
TORRE-001;SERVIDOR-001;01/10/2026;10:15:46;12976;opera.exe;running;0.00;NORMAL
TORRE-001;SERVIDOR-001;01/10/2026;10:15:46;13056;DefenderSessionHelper.exe;running;0.00;NORMAL
TORRE-001;SERVIDOR-001;01/10/2026;10:15:46;13104;Code.exe;running;0.00;NORMAL
TORRE-001;SERVIDOR-001;01/10/2026;10:15:46;13488;steamwebhelper.exe;running;0.00;NORMAL
TORRE-001;SERVIDOR-001;01/10/2026;10:15:46;13728;msedgewebview2.exe;running;0.00;NORMAL
TORRE-001;SERVIDOR-001;01/10/2026;10:15:46;13792;opera.exe;running;0.00;NORMAL
TORRE-001;SERVIDOR-001;01/10/2026;10:15:46;13860;GameBar.exe;running;0.00;NORMAL
TORRE-001;SERVIDOR-001;01/10/2026;10:15:46;13864;svchost.exe;running;0.00;NORMAL
TORRE-001;SERVIDOR-001;01/10/2026;10:15:46;14096;opera.exe;running;0.00;NORMAL
TORRE-001;SERVIDOR-001;01/10/2026;10:15:46;14184;SystemSettingsBroker.exe;running;0.00;NORMAL
TORRE-001;SERVIDOR-001;01/10/2026;10:15:46;14196;svchost.exe;running;0.00;NORMAL
TORRE-001;SERVIDOR-001;01/10/2026;10:15:46;14316;dllhost.exe;running;0.00;NORMAL
TORRE-001;SERVIDOR-001;01/10/2026;10:15:46;14376;WidgetService.exe;running;0.00;NORMAL
TORRE-001;SERVIDOR-001;01/10/2026;10:15:46;14508;opera.exe;running;0.00;NORMAL
TORRE-001;SERVIDOR-001;01/10/2026;10:15:46;14516;opera.exe;running;0.00;NORMAL
TORRE-001;SERVIDOR-001;01/10/2026;10:15:46;14940;Code.exe;running;0.00;NORMAL
TORRE-001;SERVIDOR-001;01/10/2026;10:15:46;14952;msedgewebview2.exe;running;0.00;NORMAL
TORRE-001;SERVIDOR-001;01/10/2026;10:15:46;14996;svchost.exe;running;0.00;NORMAL
TORRE-001;SERVIDOR-001;01/10/2026;10:15:46;15012;svchost.exe;running;0.00;NORMAL
TORRE-001;SERVIDOR-001;01/10/2026;10:15:46;15076;svchost.exe;running;0.00;NORMAL
TORRE-001;SERVIDOR-001;01/10/2026;10:15:46;15084;msedgewebview2.exe;running;0.00;NORMAL
TORRE-001;SERVIDOR-001;01/10/2026;10:15:46;15092;wallpaper64.exe;running;0.00;NORMAL
TORRE-001;SERVIDOR-001;01/10/2026;10:15:46;15112;PhoneExperienceHost.exe;running;0.00;NORMAL
TORRE-001;SERVIDOR-001;01/10/2026;10:15:46;15260;audiodg.exe;running;0.00;NORMAL
TORRE-001;SERVIDOR-001;01/10/2026;10:15:46;15356;conhost.exe;running;0.00;NORMAL
TORRE-001;SERVIDOR-001;01/10/2026;10:15:46;15372;svchost.exe;running;0.00;NORMAL
TORRE-001;SERVIDOR-001;01/10/2026;10:15:46;15512;svchost.exe;running;0.00;NORMAL
TORRE-001;SERVIDOR-001;01/10/2026;10:15:46;15612;shtctky.exe;running;0.00;NORMAL
TORRE-001;SERVIDOR-001;01/10/2026;10:15:46;15804;RuntimeBroker.exe;running;0.00;NORMAL
TORRE-001;SERVIDOR-001;01/10/2026;10:15:46;15820;steamwebhelper.exe;running;0.00;NORMAL
TORRE-001;SERVIDOR-001;01/10/2026;10:15:46;15864;OneDrive.exe;running;0.00;NORMAL
TORRE-001;SERVIDOR-001;01/10/2026;10:15:46;15940;Widgets.exe;running;0.00;NORMAL
TORRE-001;SERVIDOR-001;01/10/2026;10:15:46;16120;SecurityHealthSystray.exe;running;0.00;NORMAL
TORRE-001;SERVIDOR-001;01/10/2026;10:15:46;16164;Code.exe;running;0.00;NORMAL
TORRE-001;SERVIDOR-001;01/10/2026;10:15:46;16192;RuntimeBroker.exe;running;0.00;NORMAL
TORRE-001;SERVIDOR-001;01/10/2026;10:15:46;16304;fontdrvhost.exe;running;0.00;NORMAL
TORRE-001;SERVIDOR-001;01/10/2026;10:15:46;16324;opera.exe;running;0.00;NORMAL
TORRE-001;SERVIDOR-001;01/10/2026;10:15:46;16428;msedgewebview2.exe;running;0.00;NORMAL
TORRE-001;SERVIDOR-001;01/10/2026;10:15:46;16520;MySQLWorkbench.exe;running;0.00;NORMAL
TORRE-001;SERVIDOR-001;01/10/2026;10:15:46;16620;CodeSetup-stable-07f806f999227108933c2e30515b26eecc1fda74.tmp;running;0.00;NORMAL
TORRE-001;SERVIDOR-001;01/10/2026;10:15:46;16696;msedge.exe;running;0.00;NORMAL
TORRE-001;SERVIDOR-001;01/10/2026;10:15:46;16720;steamwebhelper.exe;running;0.00;NORMAL
TORRE-001;SERVIDOR-001;01/10/2026;10:15:46;17064;opera.exe;running;0.00;NORMAL
TORRE-001;SERVIDOR-001;01/10/2026;10:15:46;17156;conhost.exe;running;0.00;NORMAL
TORRE-001;SERVIDOR-001;01/10/2026;10:15:46;17536;RuntimeBroker.exe;running;0.00;NORMAL
TORRE-001;SERVIDOR-001;01/10/2026;10:15:46;17552;svchost.exe;running;0.00;NORMAL
TORRE-001;SERVIDOR-001;01/10/2026;10:15:46;17588;opera.exe;running;0.00;NORMAL
TORRE-001;SERVIDOR-001;01/10/2026;10:15:46;17644;sihost.exe;running;0.00;NORMAL
TORRE-001;SERVIDOR-001;01/10/2026;10:15:46;17816;msedge.exe;running;0.00;NORMAL
TORRE-001;SERVIDOR-001;01/10/2026;10:15:46;17972;AMDRSSrcExt.exe;running;0.00;NORMAL
TORRE-001;SERVIDOR-001;01/10/2026;10:15:46;18088;CalculatorApp.exe;running;0.00;NORMAL
TORRE-001;SERVIDOR-001;01/10/2026;10:15:46;18104;cncmd.exe;running;0.00;NORMAL
TORRE-001;SERVIDOR-001;01/10/2026;10:15:46;18172;msedgewebview2.exe;running;0.00;NORMAL
TORRE-001;SERVIDOR-001;01/10/2026;10:15:46;18472;CrossDeviceService.exe;running;0.00;NORMAL
TORRE-001;SERVIDOR-001;01/10/2026;10:15:46;18856;Code.exe;running;0.00;NORMAL
TORRE-001;SERVIDOR-001;01/10/2026;10:15:46;18880;msedgewebview2.exe;running;0.00;NORMAL
TORRE-001;SERVIDOR-001;01/10/2026;10:15:46;18896;svchost.exe;running;0.00;NORMAL
TORRE-001;SERVIDOR-001;01/10/2026;10:15:46;18912;opera.exe;running;0.00;NORMAL
TORRE-001;SERVIDOR-001;01/10/2026;10:15:46;19140;Code.exe;running;0.00;NORMAL
TORRE-001;SERVIDOR-001;01/10/2026;10:15:46;19160;opera.exe;running;0.00;NORMAL
TORRE-001;SERVIDOR-001;01/10/2026;10:15:46;19196;msedgewebview2.exe;running;0.00;NORMAL
TORRE-001;SERVIDOR-001;01/10/2026;10:15:46;19200;StartMenuExperienceHost.exe;running;0.00;NORMAL
TORRE-001;SERVIDOR-001;01/10/2026;10:15:46;19216;ApplicationFrameHost.exe;running;0.00;NORMAL
TORRE-001;SERVIDOR-001;01/10/2026;10:15:46;19272;ShellExperienceHost.exe;stopped;0.00;NORMAL
TORRE-001;SERVIDOR-001;01/10/2026;10:15:46;19284;conhost.exe;running;0.00;NORMAL
TORRE-001;SERVIDOR-001;01/10/2026;10:15:46;19608;svchost.exe;running;0.00;NORMAL
TORRE-001;SERVIDOR-001;01/10/2026;10:15:46;19632;svchost.exe;running;0.00;NORMAL
TORRE-001;SERVIDOR-001;01/10/2026;10:15:46;19788;msedgewebview2.exe;running;0.00;NORMAL
TORRE-001;SERVIDOR-001;01/10/2026;10:15:46;19880;opera.exe;running;0.00;NORMAL
TORRE-001;SERVIDOR-001;01/10/2026;10:15:46;19912;svchost.exe;running;0.00;NORMAL
TORRE-001;SERVIDOR-001;01/10/2026;10:15:46;19956;msedgewebview2.exe;running;0.00;NORMAL
TORRE-001;SERVIDOR-001;01/10/2026;10:15:46;20212;Code.exe;running;0.00;NORMAL
TORRE-001;SERVIDOR-001;01/10/2026;10:15:46;20328;opera.exe;running;0.00;NORMAL
TORRE-001;SERVIDOR-001;01/10/2026;10:15:46;20412;svchost.exe;running;0.00;NORMAL
TORRE-001;SERVIDOR-001;01/10/2026;10:15:46;20440;opera.exe;running;0.00;NORMAL
TORRE-001;SERVIDOR-001;01/10/2026;10:15:46;20512;TranslucentTB.exe;running;0.00;NORMAL
TORRE-001;SERVIDOR-001;01/10/2026;10:15:46;20624;msedgewebview2.exe;running;0.00;NORMAL
TORRE-001;SERVIDOR-001;01/10/2026;10:15:46;20708;CastSrv.exe;running;0.00;NORMAL
TORRE-001;SERVIDOR-001;01/10/2026;10:15:46;20768;SystemSettings.exe;stopped;0.00;NORMAL
TORRE-001;SERVIDOR-001;01/10/2026;10:15:46;20812;RuntimeBroker.exe;running;0.00;NORMAL
TORRE-001;SERVIDOR-001;01/10/2026;10:15:46;20888;svchost.exe;running;0.00;NORMAL
TORRE-001;SERVIDOR-001;01/10/2026;10:15:46;20904;conhost.exe;running;0.00;NORMAL
TORRE-001;SERVIDOR-001;01/10/2026;10:15:46;20988;opera.exe;running;0.00;NORMAL
TORRE-001;SERVIDOR-001;01/10/2026;10:15:46;21020;svchost.exe;running;0.00;NORMAL
TORRE-001;SERVIDOR-001;01/10/2026;10:15:46;21264;msedgewebview2.exe;running;0.00;NORMAL
TORRE-001;SERVIDOR-001;01/10/2026;10:15:46;21624;svchost.exe;running;0.00;NORMAL
TORRE-001;SERVIDOR-001;01/10/2026;10:15:46;21692;opera.exe;running;0.00;NORMAL
TORRE-001;SERVIDOR-001;01/10/2026;10:15:46;21756;RuntimeBroker.exe;running;0.00;NORMAL
TORRE-001;SERVIDOR-001;01/10/2026;10:15:46;21956;svchost.exe;running;0.00;NORMAL
TORRE-001;SERVIDOR-001;01/10/2026;10:15:46;22076;Code.exe;running;0.00;NORMAL
TORRE-001;SERVIDOR-001;01/10/2026;10:15:46;22156;browser_assistant.exe;running;0.00;NORMAL
TORRE-001;SERVIDOR-001;01/10/2026;10:15:46;22228;msedgewebview2.exe;running;0.00;NORMAL
TORRE-001;SERVIDOR-001;01/10/2026;10:15:46;22296;LockApp.exe;stopped;0.00;NORMAL
TORRE-001;SERVIDOR-001;01/10/2026;10:15:46;22480;jetbrainsd.exe;running;0.00;NORMAL
TORRE-001;SERVIDOR-001;01/10/2026;10:15:46;22504;msedgewebview2.exe;running;0.00;NORMAL
TORRE-001;SERVIDOR-001;01/10/2026;10:15:46;22688;taskhostw.exe;running;0.00;NORMAL
TORRE-001;SERVIDOR-001;01/10/2026;10:15:46;22696;opera.exe;running;0.00;NORMAL
TORRE-001;SERVIDOR-001;01/10/2026;10:15:46;22852;Code.exe;running;0.00;NORMAL
TORRE-001;SERVIDOR-001;01/10/2026;10:15:46;22920;dllhost.exe;running;0.00;NORMAL
TORRE-001;SERVIDOR-001;01/10/2026;10:15:46;22940;msedge.exe;running;0.00;NORMAL
TORRE-001;SERVIDOR-001;01/10/2026;10:15:46;23088;opera_crashreporter.exe;running;0.00;NORMAL
TORRE-001;SERVIDOR-001;01/10/2026;10:15:46;23116;RuntimeBroker.exe;running;0.00;NORMAL
TORRE-001;SERVIDOR-001;01/10/2026;10:15:46;23212;opera.exe;running;0.00;NORMAL
TORRE-001;SERVIDOR-001;01/10/2026;10:15:46;23424;OpenConsole.exe;running;0.00;NORMAL
TORRE-001;SERVIDOR-001;01/10/2026;10:15:46;23436;unsecapp.exe;running;0.00;NORMAL
TORRE-001;SERVIDOR-001;01/10/2026;10:15:46;23452;Notepad.exe;running;0.00;NORMAL
TORRE-001;SERVIDOR-001;01/10/2026;10:15:46;23488;opera.exe;running;0.00;NORMAL
TORRE-001;SERVIDOR-001;01/10/2026;10:15:46;23516;opera.exe;running;0.00;NORMAL
TORRE-001;SERVIDOR-001;01/10/2026;10:15:46;23580;DAX3API.exe;running;0.00;NORMAL
TORRE-001;SERVIDOR-001;01/10/2026;10:15:46;23780;RuntimeBroker.exe;running;0.00;NORMAL
TORRE-001;SERVIDOR-001;01/10/2026;10:15:46;23856;tposd.exe;running;0.00;NORMAL
TORRE-001;SERVIDOR-001;01/10/2026;10:15:46;23944;Code.exe;running;0.00;NORMAL
TORRE-001;SERVIDOR-001;01/10/2026;10:15:46;24284;svchost.exe;running;0.00;NORMAL
TORRE-001;SERVIDOR-001;01/10/2026;10:15:46;24288;Code.exe;running;0.00;NORMAL
TORRE-001;SERVIDOR-001;01/10/2026;10:15:46;24660;Code.exe;running;0.00;NORMAL
TORRE-001;SERVIDOR-001;01/10/2026;10:15:46;24768;TextInputHost.exe;running;0.00;NORMAL
TORRE-001;SERVIDOR-001;01/10/2026;10:15:46;25092;msedgewebview2.exe;running;0.00;NORMAL
TORRE-001;SERVIDOR-001;01/10/2026;10:15:46;25616;msedge.exe;running;0.00;NORMAL
TORRE-001;SERVIDOR-001;01/10/2026;10:15:46;25960;Code.exe;running;0.00;NORMAL
TORRE-001;SERVIDOR-001;01/10/2026;10:15:46;26172;ctfmon.exe;running;0.00;NORMAL
TORRE-001;SERVIDOR-001;01/10/2026;10:15:46;26224;opera.exe;running;0.00;NORMAL
TORRE-001;SERVIDOR-001;01/10/2026;10:15:46;26428;opera.exe;running;0.00;NORMAL
TORRE-001;SERVIDOR-001;01/10/2026;10:15:46;26480;opera.exe;running;0.00;NORMAL
TORRE-001;SERVIDOR-001;01/10/2026;10:15:46;26512;OneDrive.Sync.Service.exe;running;0.00;NORMAL
TORRE-001;SERVIDOR-001;01/10/2026;10:15:57;0;System Idle Process;running;94.06;CRITICO
TORRE-001;SERVIDOR-001;01/10/2026;10:15:57;7036;python.exe;running;1.22;NORMAL
TORRE-001;SERVIDOR-001;01/10/2026;10:15:57;4088;Code.exe;running;1.18;NORMAL
TORRE-001;SERVIDOR-001;01/10/2026;10:15:57;17304;WmiPrvSE.exe;running;0.83;NORMAL
TORRE-001;SERVIDOR-001;01/10/2026;10:15:57;15332;Taskmgr.exe;running;0.62;NORMAL
TORRE-001;SERVIDOR-001;01/10/2026;10:15:57;18856;Code.exe;running;0.39;NORMAL
TORRE-001;SERVIDOR-001;01/10/2026;10:15:57;17892;dwm.exe;running;0.23;NORMAL
TORRE-001;SERVIDOR-001;01/10/2026;10:15:57;25980;Code.exe;running;0.22;NORMAL
TORRE-001;SERVIDOR-001;01/10/2026;10:15:57;13104;Code.exe;running;0.11;NORMAL
TORRE-001;SERVIDOR-001;01/10/2026;10:15:57;22632;jetbrains-toolbox.exe;running;0.10;NORMAL
TORRE-001;SERVIDOR-001;01/10/2026;10:15:57;19176;csrss.exe;running;0.08;NORMAL
TORRE-001;SERVIDOR-001;01/10/2026;10:15:57;25708;Code.exe;running;0.07;NORMAL
TORRE-001;SERVIDOR-001;01/10/2026;10:15:57;7536;SynTPEnh.exe;running;0.06;NORMAL
TORRE-001;SERVIDOR-001;01/10/2026;10:15:57;10316;Code.exe;running;0.06;NORMAL
TORRE-001;SERVIDOR-001;01/10/2026;10:15:57;4760;MsMpEng.exe;running;0.05;NORMAL
TORRE-001;SERVIDOR-001;01/10/2026;10:15:57;8680;mintty.exe;running;0.03;NORMAL
TORRE-001;SERVIDOR-001;01/10/2026;10:15:57;23368;Code.exe;running;0.03;NORMAL
TORRE-001;SERVIDOR-001;01/10/2026;10:15:57;4;System;running;0.02;NORMAL
TORRE-001;SERVIDOR-001;01/10/2026;10:15:57;5344;mysqld.exe;running;0.02;NORMAL
TORRE-001;SERVIDOR-001;01/10/2026;10:15:57;13860;GameBar.exe;running;0.02;NORMAL
TORRE-001;SERVIDOR-001;01/10/2026;10:15:57;14796;GameBarFTServer.exe;running;0.02;NORMAL
TORRE-001;SERVIDOR-001;01/10/2026;10:15:57;176;Registry;running;0.01;NORMAL
TORRE-001;SERVIDOR-001;01/10/2026;10:15:57;1460;svchost.exe;running;0.01;NORMAL
TORRE-001;SERVIDOR-001;01/10/2026;10:15:57;3344;opera.exe;running;0.01;NORMAL
TORRE-001;SERVIDOR-001;01/10/2026;10:15:57;4676;svchost.exe;running;0.01;NORMAL
TORRE-001;SERVIDOR-001;01/10/2026;10:15:57;7312;svchost.exe;running;0.01;NORMAL
TORRE-001;SERVIDOR-001;01/10/2026;10:15:57;10716;explorer.exe;running;0.01;NORMAL
TORRE-001;SERVIDOR-001;01/10/2026;10:15:57;13212;steamwebhelper.exe;running;0.01;NORMAL
TORRE-001;SERVIDOR-001;01/10/2026;10:15:57;13792;opera.exe;running;0.01;NORMAL
TORRE-001;SERVIDOR-001;01/10/2026;10:15:57;14508;opera.exe;running;0.01;NORMAL
TORRE-001;SERVIDOR-001;01/10/2026;10:15:57;20512;TranslucentTB.exe;running;0.01;NORMAL
TORRE-001;SERVIDOR-001;01/10/2026;10:15:57;20624;msedgewebview2.exe;running;0.01;NORMAL
TORRE-001;SERVIDOR-001;01/10/2026;10:15:57;24288;Code.exe;running;0.01;NORMAL
TORRE-001;SERVIDOR-001;01/10/2026;10:15:57;140;desconhecido;stopped;0.00;NORMAL
TORRE-001;SERVIDOR-001;01/10/2026;10:15:57;648;smss.exe;running;0.00;NORMAL
TORRE-001;SERVIDOR-001;01/10/2026;10:15:57;708;opera.exe;running;0.00;NORMAL
TORRE-001;SERVIDOR-001;01/10/2026;10:15:57;724;csrss.exe;running;0.00;NORMAL
TORRE-001;SERVIDOR-001;01/10/2026;10:15:57;860;msedge.exe;running;0.00;NORMAL
TORRE-001;SERVIDOR-001;01/10/2026;10:15:57;872;Code.exe;running;0.00;NORMAL
TORRE-001;SERVIDOR-001;01/10/2026;10:15:57;1148;svchost.exe;running;0.00;NORMAL
TORRE-001;SERVIDOR-001;01/10/2026;10:15:57;1152;wininit.exe;running;0.00;NORMAL
TORRE-001;SERVIDOR-001;01/10/2026;10:15:57;1232;services.exe;running;0.00;NORMAL
TORRE-001;SERVIDOR-001;01/10/2026;10:15:57;1280;msedgewebview2.exe;running;0.00;NORMAL
TORRE-001;SERVIDOR-001;01/10/2026;10:15:57;1292;msedgewebview2.exe;running;0.00;NORMAL
TORRE-001;SERVIDOR-001;01/10/2026;10:15:57;1316;LsaIso.exe;running;0.00;NORMAL
TORRE-001;SERVIDOR-001;01/10/2026;10:15:57;1332;lsass.exe;running;0.00;NORMAL
TORRE-001;SERVIDOR-001;01/10/2026;10:15:57;1344;svchost.exe;running;0.00;NORMAL
TORRE-001;SERVIDOR-001;01/10/2026;10:15:57;1396;svchost.exe;running;0.00;NORMAL
TORRE-001;SERVIDOR-001;01/10/2026;10:15:57;1436;AggregatorHost.exe;running;0.00;NORMAL
TORRE-001;SERVIDOR-001;01/10/2026;10:15:57;1488;fontdrvhost.exe;running;0.00;NORMAL
TORRE-001;SERVIDOR-001;01/10/2026;10:15:57;1504;svchost.exe;running;0.00;NORMAL
TORRE-001;SERVIDOR-001;01/10/2026;10:15:57;1512;steamwebhelper.exe;running;0.00;NORMAL
TORRE-001;SERVIDOR-001;01/10/2026;10:15:57;1552;WUDFHost.exe;running;0.00;NORMAL
TORRE-001;SERVIDOR-001;01/10/2026;10:15:57;1620;svchost.exe;running;0.00;NORMAL
TORRE-001;SERVIDOR-001;01/10/2026;10:15:57;1704;svchost.exe;running;0.00;NORMAL
TORRE-001;SERVIDOR-001;01/10/2026;10:15:57;1728;svchost.exe;running;0.00;NORMAL
TORRE-001;SERVIDOR-001;01/10/2026;10:15:57;1784;svchost.exe;running;0.00;NORMAL
TORRE-001;SERVIDOR-001;01/10/2026;10:15:57;1836;SearchHost.exe;stopped;0.00;NORMAL
TORRE-001;SERVIDOR-001;01/10/2026;10:15:57;1852;svchost.exe;running;0.00;NORMAL
TORRE-001;SERVIDOR-001;01/10/2026;10:15:57;1896;svchost.exe;running;0.00;NORMAL
TORRE-001;SERVIDOR-001;01/10/2026;10:15:57;1912;svchost.exe;running;0.00;NORMAL
TORRE-001;SERVIDOR-001;01/10/2026;10:15:57;1924;svchost.exe;running;0.00;NORMAL
TORRE-001;SERVIDOR-001;01/10/2026;10:15:57;2012;svchost.exe;running;0.00;NORMAL
TORRE-001;SERVIDOR-001;01/10/2026;10:15:57;2112;svchost.exe;running;0.00;NORMAL
TORRE-001;SERVIDOR-001;01/10/2026;10:15:57;2188;FileCoAuth.exe;running;0.00;NORMAL
TORRE-001;SERVIDOR-001;01/10/2026;10:15:57;2216;svchost.exe;running;0.00;NORMAL
TORRE-001;SERVIDOR-001;01/10/2026;10:15:57;2344;opera.exe;running;0.00;NORMAL
TORRE-001;SERVIDOR-001;01/10/2026;10:15:57;2420;svchost.exe;running;0.00;NORMAL
TORRE-001;SERVIDOR-001;01/10/2026;10:15:57;2428;UserOOBEBroker.exe;running;0.00;NORMAL
TORRE-001;SERVIDOR-001;01/10/2026;10:15:57;2448;svchost.exe;running;0.00;NORMAL
TORRE-001;SERVIDOR-001;01/10/2026;10:15:57;2508;svchost.exe;running;0.00;NORMAL
TORRE-001;SERVIDOR-001;01/10/2026;10:15:57;2596;svchost.exe;running;0.00;NORMAL
TORRE-001;SERVIDOR-001;01/10/2026;10:15:57;2716;powershell.exe;running;0.00;NORMAL
TORRE-001;SERVIDOR-001;01/10/2026;10:15:57;2752;OpenConsole.exe;running;0.00;NORMAL
TORRE-001;SERVIDOR-001;01/10/2026;10:15:57;2768;svchost.exe;running;0.00;NORMAL
TORRE-001;SERVIDOR-001;01/10/2026;10:15:57;2772;svchost.exe;running;0.00;NORMAL
TORRE-001;SERVIDOR-001;01/10/2026;10:15:57;2872;svchost.exe;running;0.00;NORMAL
TORRE-001;SERVIDOR-001;01/10/2026;10:15:57;2924;svchost.exe;running;0.00;NORMAL
TORRE-001;SERVIDOR-001;01/10/2026;10:15:57;2980;SynTPEnhService.exe;running;0.00;NORMAL
TORRE-001;SERVIDOR-001;01/10/2026;10:15:57;3008;svchost.exe;running;0.00;NORMAL
TORRE-001;SERVIDOR-001;01/10/2026;10:15:57;3032;svchost.exe;running;0.00;NORMAL
TORRE-001;SERVIDOR-001;01/10/2026;10:15:57;3120;atiesrxx.exe;running;0.00;NORMAL
TORRE-001;SERVIDOR-001;01/10/2026;10:15:57;3128;amdfendrsr.exe;running;0.00;NORMAL
TORRE-001;SERVIDOR-001;01/10/2026;10:15:57;3144;svchost.exe;running;0.00;NORMAL
TORRE-001;SERVIDOR-001;01/10/2026;10:15:57;3204;RtkAudUService64.exe;running;0.00;NORMAL
TORRE-001;SERVIDOR-001;01/10/2026;10:15:57;3256;Code.exe;running;0.00;NORMAL
TORRE-001;SERVIDOR-001;01/10/2026;10:15:57;3316;svchost.exe;running;0.00;NORMAL
TORRE-001;SERVIDOR-001;01/10/2026;10:15:57;3464;svchost.exe;running;0.00;NORMAL
TORRE-001;SERVIDOR-001;01/10/2026;10:15:57;3468;svchost.exe;running;0.00;NORMAL
TORRE-001;SERVIDOR-001;01/10/2026;10:15:57;3480;svchost.exe;running;0.00;NORMAL
TORRE-001;SERVIDOR-001;01/10/2026;10:15:57;3500;SearchIndexer.exe;running;0.00;NORMAL
TORRE-001;SERVIDOR-001;01/10/2026;10:15:57;3576;MemCompression;running;0.00;NORMAL
TORRE-001;SERVIDOR-001;01/10/2026;10:15:57;3616;svchost.exe;running;0.00;NORMAL
TORRE-001;SERVIDOR-001;01/10/2026;10:15:57;3648;svchost.exe;running;0.00;NORMAL
TORRE-001;SERVIDOR-001;01/10/2026;10:15:57;3656;svchost.exe;running;0.00;NORMAL
TORRE-001;SERVIDOR-001;01/10/2026;10:15:57;3672;opera.exe;running;0.00;NORMAL
TORRE-001;SERVIDOR-001;01/10/2026;10:15:57;3716;svchost.exe;running;0.00;NORMAL
TORRE-001;SERVIDOR-001;01/10/2026;10:15:57;3804;opera.exe;running;0.00;NORMAL
TORRE-001;SERVIDOR-001;01/10/2026;10:15:57;3832;svchost.exe;running;0.00;NORMAL
TORRE-001;SERVIDOR-001;01/10/2026;10:15:57;3860;svchost.exe;running;0.00;NORMAL
TORRE-001;SERVIDOR-001;01/10/2026;10:15:57;3948;svchost.exe;running;0.00;NORMAL
TORRE-001;SERVIDOR-001;01/10/2026;10:15:57;3972;svchost.exe;running;0.00;NORMAL
TORRE-001;SERVIDOR-001;01/10/2026;10:15:57;4092;svchost.exe;running;0.00;NORMAL
TORRE-001;SERVIDOR-001;01/10/2026;10:15:57;4216;spoolsv.exe;running;0.00;NORMAL
TORRE-001;SERVIDOR-001;01/10/2026;10:15:57;4224;wlanext.exe;running;0.00;NORMAL
TORRE-001;SERVIDOR-001;01/10/2026;10:15:57;4268;conhost.exe;running;0.00;NORMAL
TORRE-001;SERVIDOR-001;01/10/2026;10:15:57;4336;svchost.exe;running;0.00;NORMAL
TORRE-001;SERVIDOR-001;01/10/2026;10:15:57;4436;SecurityHealthService.exe;running;0.00;NORMAL
TORRE-001;SERVIDOR-001;01/10/2026;10:15:57;4448;svchost.exe;running;0.00;NORMAL
TORRE-001;SERVIDOR-001;01/10/2026;10:15:57;4608;DAX3API.exe;running;0.00;NORMAL
TORRE-001;SERVIDOR-001;01/10/2026;10:15:57;4620;svchost.exe;running;0.00;NORMAL
TORRE-001;SERVIDOR-001;01/10/2026;10:15:57;4628;svchost.exe;running;0.00;NORMAL
TORRE-001;SERVIDOR-001;01/10/2026;10:15:57;4640;ibmpmsvc.exe;running;0.00;NORMAL
TORRE-001;SERVIDOR-001;01/10/2026;10:15:57;4648;svchost.exe;running;0.00;NORMAL
TORRE-001;SERVIDOR-001;01/10/2026;10:15:57;4656;svchost.exe;running;0.00;NORMAL
TORRE-001;SERVIDOR-001;01/10/2026;10:15:57;4668;svchost.exe;running;0.00;NORMAL
TORRE-001;SERVIDOR-001;01/10/2026;10:15:57;4692;svchost.exe;running;0.00;NORMAL
TORRE-001;SERVIDOR-001;01/10/2026;10:15:57;4696;SynRpcServer.exe;running;0.00;NORMAL
TORRE-001;SERVIDOR-001;01/10/2026;10:15:57;4720;LITSSvc.exe;running;0.00;NORMAL
TORRE-001;SERVIDOR-001;01/10/2026;10:15:57;4740;MpDefenderCoreService.exe;running;0.00;NORMAL
TORRE-001;SERVIDOR-001;01/10/2026;10:15:57;4748;SmartStandby.exe;running;0.00;NORMAL
TORRE-001;SERVIDOR-001;01/10/2026;10:15:57;4756;mysqld.exe;running;0.00;NORMAL
TORRE-001;SERVIDOR-001;01/10/2026;10:15:57;4772;RtkAudUService64.exe;running;0.00;NORMAL
TORRE-001;SERVIDOR-001;01/10/2026;10:15:57;4780;FMService64.exe;running;0.00;NORMAL
TORRE-001;SERVIDOR-001;01/10/2026;10:15:57;4916;svchost.exe;running;0.00;NORMAL
TORRE-001;SERVIDOR-001;01/10/2026;10:15:57;5036;svchost.exe;running;0.00;NORMAL
TORRE-001;SERVIDOR-001;01/10/2026;10:15:57;5196;svchost.exe;running;0.00;NORMAL
TORRE-001;SERVIDOR-001;01/10/2026;10:15:57;5232;svchost.exe;running;0.00;NORMAL
TORRE-001;SERVIDOR-001;01/10/2026;10:15:57;5284;svchost.exe;running;0.00;NORMAL
TORRE-001;SERVIDOR-001;01/10/2026;10:15:57;5316;tphkload.exe;running;0.00;NORMAL
TORRE-001;SERVIDOR-001;01/10/2026;10:15:57;5392;conhost.exe;running;0.00;NORMAL
TORRE-001;SERVIDOR-001;01/10/2026;10:15:57;5480;RuntimeBroker.exe;running;0.00;NORMAL
TORRE-001;SERVIDOR-001;01/10/2026;10:15:57;5612;svchost.exe;running;0.00;NORMAL
TORRE-001;SERVIDOR-001;01/10/2026;10:15:57;5808;RuntimeBroker.exe;running;0.00;NORMAL
TORRE-001;SERVIDOR-001;01/10/2026;10:15:57;5984;svchost.exe;running;0.00;NORMAL
TORRE-001;SERVIDOR-001;01/10/2026;10:15:57;6076;svchost.exe;running;0.00;NORMAL
TORRE-001;SERVIDOR-001;01/10/2026;10:15:57;6080;svchost.exe;running;0.00;NORMAL
TORRE-001;SERVIDOR-001;01/10/2026;10:15:57;6216;svchost.exe;running;0.00;NORMAL
TORRE-001;SERVIDOR-001;01/10/2026;10:15:57;6236;dllhost.exe;running;0.00;NORMAL
TORRE-001;SERVIDOR-001;01/10/2026;10:15:57;6288;svchost.exe;running;0.00;NORMAL
TORRE-001;SERVIDOR-001;01/10/2026;10:15:57;6552;svchost.exe;running;0.00;NORMAL
TORRE-001;SERVIDOR-001;01/10/2026;10:15:57;6616;NisSrv.exe;running;0.00;NORMAL
TORRE-001;SERVIDOR-001;01/10/2026;10:15:57;6628;browser_assistant.exe;running;0.00;NORMAL
TORRE-001;SERVIDOR-001;01/10/2026;10:15:57;6668;RuntimeBroker.exe;running;0.00;NORMAL
TORRE-001;SERVIDOR-001;01/10/2026;10:15:57;6724;opera.exe;running;0.00;NORMAL
TORRE-001;SERVIDOR-001;01/10/2026;10:15:57;6796;opera.exe;running;0.00;NORMAL
TORRE-001;SERVIDOR-001;01/10/2026;10:15:57;6912;powershell.exe;running;0.00;NORMAL
TORRE-001;SERVIDOR-001;01/10/2026;10:15:57;6924;svchost.exe;running;0.00;NORMAL
TORRE-001;SERVIDOR-001;01/10/2026;10:15:57;6960;svchost.exe;running;0.00;NORMAL
TORRE-001;SERVIDOR-001;01/10/2026;10:15:57;6964;pet.exe;running;0.00;NORMAL
TORRE-001;SERVIDOR-001;01/10/2026;10:15:57;6984;MoUsoCoreWorker.exe;running;0.00;NORMAL
TORRE-001;SERVIDOR-001;01/10/2026;10:15:57;6996;svchost.exe;running;0.00;NORMAL
TORRE-001;SERVIDOR-001;01/10/2026;10:15:57;7056;msedgewebview2.exe;running;0.00;NORMAL
TORRE-001;SERVIDOR-001;01/10/2026;10:15:57;7184;powershell.exe;running;0.00;NORMAL
TORRE-001;SERVIDOR-001;01/10/2026;10:15:57;7376;RtkAudUService64.exe;running;0.00;NORMAL
TORRE-001;SERVIDOR-001;01/10/2026;10:15:57;7700;LinkedIn.exe;running;0.00;NORMAL
TORRE-001;SERVIDOR-001;01/10/2026;10:15:57;7848;svchost.exe;running;0.00;NORMAL
TORRE-001;SERVIDOR-001;01/10/2026;10:15:57;7880;opera.exe;running;0.00;NORMAL
TORRE-001;SERVIDOR-001;01/10/2026;10:15:57;7896;WUDFHost.exe;running;0.00;NORMAL
TORRE-001;SERVIDOR-001;01/10/2026;10:15:57;7984;M365Copilot.exe;running;0.00;NORMAL
TORRE-001;SERVIDOR-001;01/10/2026;10:15:57;8104;OpenConsole.exe;running;0.00;NORMAL
TORRE-001;SERVIDOR-001;01/10/2026;10:15:57;8224;atieclxx.exe;running;0.00;NORMAL
TORRE-001;SERVIDOR-001;01/10/2026;10:15:57;8592;svchost.exe;running;0.00;NORMAL
TORRE-001;SERVIDOR-001;01/10/2026;10:15:57;8652;opera.exe;running;0.00;NORMAL
TORRE-001;SERVIDOR-001;01/10/2026;10:15:57;8816;svchost.exe;running;0.00;NORMAL
TORRE-001;SERVIDOR-001;01/10/2026;10:15:57;8836;RadeonSoftware.exe;running;0.00;NORMAL
TORRE-001;SERVIDOR-001;01/10/2026;10:15:57;9292;svchost.exe;running;0.00;NORMAL
TORRE-001;SERVIDOR-001;01/10/2026;10:15:57;9380;opera.exe;running;0.00;NORMAL
TORRE-001;SERVIDOR-001;01/10/2026;10:15:57;9392;svchost.exe;running;0.00;NORMAL
TORRE-001;SERVIDOR-001;01/10/2026;10:15:57;9516;powershell.exe;running;0.00;NORMAL
TORRE-001;SERVIDOR-001;01/10/2026;10:15:57;9536;msedgewebview2.exe;running;0.00;NORMAL
TORRE-001;SERVIDOR-001;01/10/2026;10:15:57;9696;git-bash.exe;running;0.00;NORMAL
TORRE-001;SERVIDOR-001;01/10/2026;10:15:57;9748;winlogon.exe;running;0.00;NORMAL
TORRE-001;SERVIDOR-001;01/10/2026;10:15:57;9752;PowerMgr.exe;running;0.00;NORMAL
TORRE-001;SERVIDOR-001;01/10/2026;10:15:57;9820;steamwebhelper.exe;running;0.00;NORMAL
TORRE-001;SERVIDOR-001;01/10/2026;10:15:57;9936;steamservice.exe;running;0.00;NORMAL
TORRE-001;SERVIDOR-001;01/10/2026;10:15:57;9964;msedgewebview2.exe;running;0.00;NORMAL
TORRE-001;SERVIDOR-001;01/10/2026;10:15:57;10148;powershell.exe;running;0.00;NORMAL
TORRE-001;SERVIDOR-001;01/10/2026;10:15:57;10156;svchost.exe;running;0.00;NORMAL
TORRE-001;SERVIDOR-001;01/10/2026;10:15:57;10224;msedgewebview2.exe;running;0.00;NORMAL
TORRE-001;SERVIDOR-001;01/10/2026;10:15:57;10400;CodeSetup-stable-07f806f999227108933c2e30515b26eecc1fda74.exe;running;0.00;NORMAL
TORRE-001;SERVIDOR-001;01/10/2026;10:15:57;10404;opera.exe;running;0.00;NORMAL
TORRE-001;SERVIDOR-001;01/10/2026;10:15:57;10452;opera.exe;running;0.00;NORMAL
TORRE-001;SERVIDOR-001;01/10/2026;10:15:57;10540;AMDRSServ.exe;running;0.00;NORMAL
TORRE-001;SERVIDOR-001;01/10/2026;10:15:57;10648;WUDFHost.exe;running;0.00;NORMAL
TORRE-001;SERVIDOR-001;01/10/2026;10:15:57;10760;SynTPHelper.exe;running;0.00;NORMAL
TORRE-001;SERVIDOR-001;01/10/2026;10:15:57;10764;svchost.exe;running;0.00;NORMAL
TORRE-001;SERVIDOR-001;01/10/2026;10:15:57;10788;msedgewebview2.exe;running;0.00;NORMAL
TORRE-001;SERVIDOR-001;01/10/2026;10:15:57;10920;msedgewebview2.exe;running;0.00;NORMAL
TORRE-001;SERVIDOR-001;01/10/2026;10:15:57;11204;svchost.exe;running;0.00;NORMAL
TORRE-001;SERVIDOR-001;01/10/2026;10:15:57;11272;msedgewebview2.exe;running;0.00;NORMAL
TORRE-001;SERVIDOR-001;01/10/2026;10:15:57;11324;svchost.exe;running;0.00;NORMAL
TORRE-001;SERVIDOR-001;01/10/2026;10:15:57;11408;Code.exe;running;0.00;NORMAL
TORRE-001;SERVIDOR-001;01/10/2026;10:15:57;11568;svchost.exe;running;0.00;NORMAL
TORRE-001;SERVIDOR-001;01/10/2026;10:15:57;11592;Code.exe;running;0.00;NORMAL
TORRE-001;SERVIDOR-001;01/10/2026;10:15:57;11724;svchost.exe;running;0.00;NORMAL
TORRE-001;SERVIDOR-001;01/10/2026;10:15:57;12240;SnippingTool.exe;running;0.00;NORMAL
TORRE-001;SERVIDOR-001;01/10/2026;10:15:57;12604;svchost.exe;running;0.00;NORMAL
TORRE-001;SERVIDOR-001;01/10/2026;10:15:57;12852;Code.exe;running;0.00;NORMAL
TORRE-001;SERVIDOR-001;01/10/2026;10:15:57;12976;opera.exe;running;0.00;NORMAL
TORRE-001;SERVIDOR-001;01/10/2026;10:15:57;13056;DefenderSessionHelper.exe;running;0.00;NORMAL
TORRE-001;SERVIDOR-001;01/10/2026;10:15:57;13372;opera.exe;running;0.00;NORMAL
TORRE-001;SERVIDOR-001;01/10/2026;10:15:57;13388;bash.exe;running;0.00;NORMAL
TORRE-001;SERVIDOR-001;01/10/2026;10:15:57;13488;steamwebhelper.exe;running;0.00;NORMAL
TORRE-001;SERVIDOR-001;01/10/2026;10:15:57;13728;msedgewebview2.exe;running;0.00;NORMAL
TORRE-001;SERVIDOR-001;01/10/2026;10:15:57;13864;svchost.exe;running;0.00;NORMAL
TORRE-001;SERVIDOR-001;01/10/2026;10:15:57;14096;opera.exe;running;0.00;NORMAL
TORRE-001;SERVIDOR-001;01/10/2026;10:15:57;14184;SystemSettingsBroker.exe;running;0.00;NORMAL
TORRE-001;SERVIDOR-001;01/10/2026;10:15:57;14196;svchost.exe;running;0.00;NORMAL
TORRE-001;SERVIDOR-001;01/10/2026;10:15:57;14316;dllhost.exe;running;0.00;NORMAL
TORRE-001;SERVIDOR-001;01/10/2026;10:15:57;14376;WidgetService.exe;running;0.00;NORMAL
TORRE-001;SERVIDOR-001;01/10/2026;10:15:57;14516;opera.exe;running;0.00;NORMAL
TORRE-001;SERVIDOR-001;01/10/2026;10:15:57;14940;Code.exe;running;0.00;NORMAL
TORRE-001;SERVIDOR-001;01/10/2026;10:15:57;14952;msedgewebview2.exe;running;0.00;NORMAL
TORRE-001;SERVIDOR-001;01/10/2026;10:15:57;14996;svchost.exe;running;0.00;NORMAL
TORRE-001;SERVIDOR-001;01/10/2026;10:15:57;15012;svchost.exe;running;0.00;NORMAL
TORRE-001;SERVIDOR-001;01/10/2026;10:15:57;15076;svchost.exe;running;0.00;NORMAL
TORRE-001;SERVIDOR-001;01/10/2026;10:15:57;15084;msedgewebview2.exe;running;0.00;NORMAL
TORRE-001;SERVIDOR-001;01/10/2026;10:15:57;15092;wallpaper64.exe;running;0.00;NORMAL
TORRE-001;SERVIDOR-001;01/10/2026;10:15:57;15112;PhoneExperienceHost.exe;running;0.00;NORMAL
TORRE-001;SERVIDOR-001;01/10/2026;10:15:57;15260;audiodg.exe;running;0.00;NORMAL
TORRE-001;SERVIDOR-001;01/10/2026;10:15:57;15356;conhost.exe;running;0.00;NORMAL
TORRE-001;SERVIDOR-001;01/10/2026;10:15:57;15372;svchost.exe;running;0.00;NORMAL
TORRE-001;SERVIDOR-001;01/10/2026;10:15:57;15512;svchost.exe;running;0.00;NORMAL
TORRE-001;SERVIDOR-001;01/10/2026;10:15:57;15612;shtctky.exe;running;0.00;NORMAL
TORRE-001;SERVIDOR-001;01/10/2026;10:15:57;15804;RuntimeBroker.exe;running;0.00;NORMAL
TORRE-001;SERVIDOR-001;01/10/2026;10:15:57;15820;steamwebhelper.exe;running;0.00;NORMAL
TORRE-001;SERVIDOR-001;01/10/2026;10:15:57;15864;OneDrive.exe;running;0.00;NORMAL
TORRE-001;SERVIDOR-001;01/10/2026;10:15:57;15940;Widgets.exe;running;0.00;NORMAL
TORRE-001;SERVIDOR-001;01/10/2026;10:15:57;16120;SecurityHealthSystray.exe;running;0.00;NORMAL
TORRE-001;SERVIDOR-001;01/10/2026;10:15:57;16164;Code.exe;running;0.00;NORMAL
TORRE-001;SERVIDOR-001;01/10/2026;10:15:57;16192;RuntimeBroker.exe;running;0.00;NORMAL
TORRE-001;SERVIDOR-001;01/10/2026;10:15:57;16304;fontdrvhost.exe;running;0.00;NORMAL
TORRE-001;SERVIDOR-001;01/10/2026;10:15:57;16324;opera.exe;running;0.00;NORMAL
TORRE-001;SERVIDOR-001;01/10/2026;10:15:57;16428;msedgewebview2.exe;running;0.00;NORMAL
TORRE-001;SERVIDOR-001;01/10/2026;10:15:57;16464;Code.exe;running;0.00;NORMAL
TORRE-001;SERVIDOR-001;01/10/2026;10:15:57;16468;steamwebhelper.exe;running;0.00;NORMAL
TORRE-001;SERVIDOR-001;01/10/2026;10:15:57;16520;MySQLWorkbench.exe;running;0.00;NORMAL
TORRE-001;SERVIDOR-001;01/10/2026;10:15:57;16620;CodeSetup-stable-07f806f999227108933c2e30515b26eecc1fda74.tmp;running;0.00;NORMAL
TORRE-001;SERVIDOR-001;01/10/2026;10:15:57;16696;msedge.exe;running;0.00;NORMAL
TORRE-001;SERVIDOR-001;01/10/2026;10:15:57;16720;steamwebhelper.exe;running;0.00;NORMAL
TORRE-001;SERVIDOR-001;01/10/2026;10:15:57;16724;opera.exe;running;0.00;NORMAL
TORRE-001;SERVIDOR-001;01/10/2026;10:15:57;17064;opera.exe;running;0.00;NORMAL
TORRE-001;SERVIDOR-001;01/10/2026;10:15:57;17156;conhost.exe;running;0.00;NORMAL
TORRE-001;SERVIDOR-001;01/10/2026;10:15:57;17536;RuntimeBroker.exe;running;0.00;NORMAL
TORRE-001;SERVIDOR-001;01/10/2026;10:15:57;17552;svchost.exe;running;0.00;NORMAL
TORRE-001;SERVIDOR-001;01/10/2026;10:15:57;17588;opera.exe;running;0.00;NORMAL
TORRE-001;SERVIDOR-001;01/10/2026;10:15:57;17644;sihost.exe;running;0.00;NORMAL
TORRE-001;SERVIDOR-001;01/10/2026;10:15:57;17816;msedge.exe;running;0.00;NORMAL
TORRE-001;SERVIDOR-001;01/10/2026;10:15:57;17972;AMDRSSrcExt.exe;running;0.00;NORMAL
TORRE-001;SERVIDOR-001;01/10/2026;10:15:57;18088;CalculatorApp.exe;running;0.00;NORMAL
TORRE-001;SERVIDOR-001;01/10/2026;10:15:57;18104;cncmd.exe;running;0.00;NORMAL
TORRE-001;SERVIDOR-001;01/10/2026;10:15:57;18172;msedgewebview2.exe;running;0.00;NORMAL
TORRE-001;SERVIDOR-001;01/10/2026;10:15:57;18296;steam.exe;running;0.00;NORMAL
TORRE-001;SERVIDOR-001;01/10/2026;10:15:57;18472;CrossDeviceService.exe;running;0.00;NORMAL
TORRE-001;SERVIDOR-001;01/10/2026;10:15:57;18880;msedgewebview2.exe;running;0.00;NORMAL
TORRE-001;SERVIDOR-001;01/10/2026;10:15:57;18896;svchost.exe;running;0.00;NORMAL
TORRE-001;SERVIDOR-001;01/10/2026;10:15:57;18912;opera.exe;running;0.00;NORMAL
TORRE-001;SERVIDOR-001;01/10/2026;10:15:57;19140;Code.exe;running;0.00;NORMAL
TORRE-001;SERVIDOR-001;01/10/2026;10:15:57;19160;opera.exe;running;0.00;NORMAL
TORRE-001;SERVIDOR-001;01/10/2026;10:15:57;19196;msedgewebview2.exe;running;0.00;NORMAL
TORRE-001;SERVIDOR-001;01/10/2026;10:15:57;19200;StartMenuExperienceHost.exe;running;0.00;NORMAL
TORRE-001;SERVIDOR-001;01/10/2026;10:15:57;19216;ApplicationFrameHost.exe;running;0.00;NORMAL
TORRE-001;SERVIDOR-001;01/10/2026;10:15:57;19272;ShellExperienceHost.exe;stopped;0.00;NORMAL
TORRE-001;SERVIDOR-001;01/10/2026;10:15:57;19284;conhost.exe;running;0.00;NORMAL
TORRE-001;SERVIDOR-001;01/10/2026;10:15:57;19608;svchost.exe;running;0.00;NORMAL
TORRE-001;SERVIDOR-001;01/10/2026;10:15:57;19632;svchost.exe;running;0.00;NORMAL
TORRE-001;SERVIDOR-001;01/10/2026;10:15:57;19780;opera.exe;running;0.00;NORMAL
TORRE-001;SERVIDOR-001;01/10/2026;10:15:57;19788;msedgewebview2.exe;running;0.00;NORMAL
TORRE-001;SERVIDOR-001;01/10/2026;10:15:57;19880;opera.exe;running;0.00;NORMAL
TORRE-001;SERVIDOR-001;01/10/2026;10:15:57;19912;svchost.exe;running;0.00;NORMAL
TORRE-001;SERVIDOR-001;01/10/2026;10:15:57;19956;msedgewebview2.exe;running;0.00;NORMAL
TORRE-001;SERVIDOR-001;01/10/2026;10:15:57;20212;Code.exe;running;0.00;NORMAL
TORRE-001;SERVIDOR-001;01/10/2026;10:15:57;20328;opera.exe;running;0.00;NORMAL
TORRE-001;SERVIDOR-001;01/10/2026;10:15:57;20412;svchost.exe;running;0.00;NORMAL
TORRE-001;SERVIDOR-001;01/10/2026;10:15:57;20440;opera.exe;running;0.00;NORMAL
TORRE-001;SERVIDOR-001;01/10/2026;10:15:57;20708;CastSrv.exe;running;0.00;NORMAL
TORRE-001;SERVIDOR-001;01/10/2026;10:15:57;20768;SystemSettings.exe;stopped;0.00;NORMAL
TORRE-001;SERVIDOR-001;01/10/2026;10:15:57;20812;RuntimeBroker.exe;running;0.00;NORMAL
TORRE-001;SERVIDOR-001;01/10/2026;10:15:57;20888;svchost.exe;running;0.00;NORMAL
TORRE-001;SERVIDOR-001;01/10/2026;10:15:57;20904;conhost.exe;running;0.00;NORMAL
TORRE-001;SERVIDOR-001;01/10/2026;10:15:57;20988;opera.exe;running;0.00;NORMAL
TORRE-001;SERVIDOR-001;01/10/2026;10:15:57;21020;svchost.exe;running;0.00;NORMAL
TORRE-001;SERVIDOR-001;01/10/2026;10:15:57;21264;msedgewebview2.exe;running;0.00;NORMAL
TORRE-001;SERVIDOR-001;01/10/2026;10:15:57;21624;svchost.exe;running;0.00;NORMAL
TORRE-001;SERVIDOR-001;01/10/2026;10:15:57;21692;opera.exe;running;0.00;NORMAL
TORRE-001;SERVIDOR-001;01/10/2026;10:15:57;21756;RuntimeBroker.exe;running;0.00;NORMAL
TORRE-001;SERVIDOR-001;01/10/2026;10:15:57;21956;svchost.exe;running;0.00;NORMAL
TORRE-001;SERVIDOR-001;01/10/2026;10:15:57;22076;Code.exe;running;0.00;NORMAL
TORRE-001;SERVIDOR-001;01/10/2026;10:15:57;22156;browser_assistant.exe;running;0.00;NORMAL
TORRE-001;SERVIDOR-001;01/10/2026;10:15:57;22228;msedgewebview2.exe;running;0.00;NORMAL
TORRE-001;SERVIDOR-001;01/10/2026;10:15:57;22296;LockApp.exe;stopped;0.00;NORMAL
TORRE-001;SERVIDOR-001;01/10/2026;10:15:57;22480;jetbrainsd.exe;running;0.00;NORMAL
TORRE-001;SERVIDOR-001;01/10/2026;10:15:57;22504;msedgewebview2.exe;running;0.00;NORMAL
TORRE-001;SERVIDOR-001;01/10/2026;10:15:57;22688;taskhostw.exe;running;0.00;NORMAL
TORRE-001;SERVIDOR-001;01/10/2026;10:15:57;22696;opera.exe;running;0.00;NORMAL
TORRE-001;SERVIDOR-001;01/10/2026;10:15:57;22852;Code.exe;running;0.00;NORMAL
TORRE-001;SERVIDOR-001;01/10/2026;10:15:57;22920;dllhost.exe;running;0.00;NORMAL
TORRE-001;SERVIDOR-001;01/10/2026;10:15:57;22940;msedge.exe;running;0.00;NORMAL
TORRE-001;SERVIDOR-001;01/10/2026;10:15:57;23088;opera_crashreporter.exe;running;0.00;NORMAL
TORRE-001;SERVIDOR-001;01/10/2026;10:15:57;23116;RuntimeBroker.exe;running;0.00;NORMAL
TORRE-001;SERVIDOR-001;01/10/2026;10:15:57;23212;opera.exe;running;0.00;NORMAL
TORRE-001;SERVIDOR-001;01/10/2026;10:15:57;23424;OpenConsole.exe;running;0.00;NORMAL
TORRE-001;SERVIDOR-001;01/10/2026;10:15:57;23436;unsecapp.exe;running;0.00;NORMAL
TORRE-001;SERVIDOR-001;01/10/2026;10:15:57;23452;Notepad.exe;running;0.00;NORMAL
TORRE-001;SERVIDOR-001;01/10/2026;10:15:57;23488;opera.exe;running;0.00;NORMAL
TORRE-001;SERVIDOR-001;01/10/2026;10:15:57;23516;opera.exe;running;0.00;NORMAL
TORRE-001;SERVIDOR-001;01/10/2026;10:15:57;23580;DAX3API.exe;running;0.00;NORMAL
TORRE-001;SERVIDOR-001;01/10/2026;10:15:57;23780;RuntimeBroker.exe;running;0.00;NORMAL
TORRE-001;SERVIDOR-001;01/10/2026;10:15:57;23856;tposd.exe;running;0.00;NORMAL
TORRE-001;SERVIDOR-001;01/10/2026;10:15:57;23944;Code.exe;running;0.00;NORMAL
TORRE-001;SERVIDOR-001;01/10/2026;10:15:57;24284;svchost.exe;running;0.00;NORMAL
TORRE-001;SERVIDOR-001;01/10/2026;10:15:57;24660;Code.exe;running;0.00;NORMAL
TORRE-001;SERVIDOR-001;01/10/2026;10:15:57;24768;TextInputHost.exe;running;0.00;NORMAL
TORRE-001;SERVIDOR-001;01/10/2026;10:15:57;25092;msedgewebview2.exe;running;0.00;NORMAL
TORRE-001;SERVIDOR-001;01/10/2026;10:15:57;25616;msedge.exe;running;0.00;NORMAL
TORRE-001;SERVIDOR-001;01/10/2026;10:15:57;25960;Code.exe;running;0.00;NORMAL
TORRE-001;SERVIDOR-001;01/10/2026;10:15:57;26172;ctfmon.exe;running;0.00;NORMAL
TORRE-001;SERVIDOR-001;01/10/2026;10:15:57;26224;opera.exe;running;0.00;NORMAL
TORRE-001;SERVIDOR-001;01/10/2026;10:15:57;26428;opera.exe;running;0.00;NORMAL
TORRE-001;SERVIDOR-001;01/10/2026;10:15:57;26480;opera.exe;running;0.00;NORMAL
TORRE-001;SERVIDOR-001;01/10/2026;10:15:57;26512;OneDrive.Sync.Service.exe;running;0.00;NORMAL
TORRE-001;SERVIDOR-001;01/10/2026;10:16:08;0;System Idle Process;running;94.63;CRITICO
TORRE-001;SERVIDOR-001;01/10/2026;10:16:08;4088;Code.exe;running;1.37;NORMAL
TORRE-001;SERVIDOR-001;01/10/2026;10:16:08;7036;python.exe;running;1.06;NORMAL
TORRE-001;SERVIDOR-001;01/10/2026;10:16:08;17304;WmiPrvSE.exe;running;0.58;NORMAL
TORRE-001;SERVIDOR-001;01/10/2026;10:16:08;15332;Taskmgr.exe;running;0.45;NORMAL
TORRE-001;SERVIDOR-001;01/10/2026;10:16:08;17892;dwm.exe;running;0.29;NORMAL
TORRE-001;SERVIDOR-001;01/10/2026;10:16:08;25980;Code.exe;running;0.27;NORMAL
TORRE-001;SERVIDOR-001;01/10/2026;10:16:08;25708;Code.exe;running;0.23;NORMAL
TORRE-001;SERVIDOR-001;01/10/2026;10:16:08;20888;svchost.exe;running;0.19;NORMAL
TORRE-001;SERVIDOR-001;01/10/2026;10:16:08;4668;svchost.exe;running;0.12;NORMAL
TORRE-001;SERVIDOR-001;01/10/2026;10:16:08;3576;MemCompression;running;0.09;NORMAL
TORRE-001;SERVIDOR-001;01/10/2026;10:16:08;4760;MsMpEng.exe;running;0.09;NORMAL
TORRE-001;SERVIDOR-001;01/10/2026;10:16:08;10716;explorer.exe;running;0.09;NORMAL
TORRE-001;SERVIDOR-001;01/10/2026;10:16:08;18856;Code.exe;running;0.07;NORMAL
TORRE-001;SERVIDOR-001;01/10/2026;10:16:08;4;System;running;0.05;NORMAL
TORRE-001;SERVIDOR-001;01/10/2026;10:16:08;7536;SynTPEnh.exe;running;0.05;NORMAL
TORRE-001;SERVIDOR-001;01/10/2026;10:16:08;8680;mintty.exe;running;0.05;NORMAL
TORRE-001;SERVIDOR-001;01/10/2026;10:16:08;23368;Code.exe;running;0.05;NORMAL
TORRE-001;SERVIDOR-001;01/10/2026;10:16:08;13104;Code.exe;running;0.03;NORMAL
TORRE-001;SERVIDOR-001;01/10/2026;10:16:08;24288;Code.exe;running;0.03;NORMAL
TORRE-001;SERVIDOR-001;01/10/2026;10:16:08;26172;ctfmon.exe;running;0.03;NORMAL
TORRE-001;SERVIDOR-001;01/10/2026;10:16:08;1620;svchost.exe;running;0.02;NORMAL
TORRE-001;SERVIDOR-001;01/10/2026;10:16:08;3344;opera.exe;running;0.02;NORMAL
TORRE-001;SERVIDOR-001;01/10/2026;10:16:08;10316;Code.exe;running;0.02;NORMAL
TORRE-001;SERVIDOR-001;01/10/2026;10:16:08;21756;RuntimeBroker.exe;running;0.02;NORMAL
TORRE-001;SERVIDOR-001;01/10/2026;10:16:08;22480;jetbrainsd.exe;running;0.02;NORMAL
TORRE-001;SERVIDOR-001;01/10/2026;10:16:08;24768;TextInputHost.exe;running;0.02;NORMAL
TORRE-001;SERVIDOR-001;01/10/2026;10:16:08;1232;services.exe;running;0.01;NORMAL
TORRE-001;SERVIDOR-001;01/10/2026;10:16:08;2448;svchost.exe;running;0.01;NORMAL
TORRE-001;SERVIDOR-001;01/10/2026;10:16:08;8224;atieclxx.exe;running;0.01;NORMAL
TORRE-001;SERVIDOR-001;01/10/2026;10:16:08;9536;msedgewebview2.exe;running;0.01;NORMAL
TORRE-001;SERVIDOR-001;01/10/2026;10:16:08;13860;GameBar.exe;running;0.01;NORMAL
TORRE-001;SERVIDOR-001;01/10/2026;10:16:08;14796;GameBarFTServer.exe;running;0.01;NORMAL
TORRE-001;SERVIDOR-001;01/10/2026;10:16:08;18296;steam.exe;running;0.01;NORMAL
TORRE-001;SERVIDOR-001;01/10/2026;10:16:08;19176;csrss.exe;running;0.01;NORMAL
TORRE-001;SERVIDOR-001;01/10/2026;10:16:08;22632;jetbrains-toolbox.exe;running;0.01;NORMAL
TORRE-001;SERVIDOR-001;01/10/2026;10:16:08;140;desconhecido;stopped;0.00;NORMAL
TORRE-001;SERVIDOR-001;01/10/2026;10:16:08;176;Registry;running;0.00;NORMAL
TORRE-001;SERVIDOR-001;01/10/2026;10:16:08;648;smss.exe;running;0.00;NORMAL
TORRE-001;SERVIDOR-001;01/10/2026;10:16:08;708;opera.exe;running;0.00;NORMAL
TORRE-001;SERVIDOR-001;01/10/2026;10:16:08;724;csrss.exe;running;0.00;NORMAL
TORRE-001;SERVIDOR-001;01/10/2026;10:16:08;860;msedge.exe;running;0.00;NORMAL
TORRE-001;SERVIDOR-001;01/10/2026;10:16:08;872;Code.exe;running;0.00;NORMAL
TORRE-001;SERVIDOR-001;01/10/2026;10:16:08;1148;svchost.exe;running;0.00;NORMAL
TORRE-001;SERVIDOR-001;01/10/2026;10:16:08;1152;wininit.exe;running;0.00;NORMAL
TORRE-001;SERVIDOR-001;01/10/2026;10:16:08;1280;msedgewebview2.exe;running;0.00;NORMAL
TORRE-001;SERVIDOR-001;01/10/2026;10:16:08;1292;msedgewebview2.exe;running;0.00;NORMAL
TORRE-001;SERVIDOR-001;01/10/2026;10:16:08;1316;LsaIso.exe;running;0.00;NORMAL
TORRE-001;SERVIDOR-001;01/10/2026;10:16:08;1332;lsass.exe;running;0.00;NORMAL
TORRE-001;SERVIDOR-001;01/10/2026;10:16:08;1344;svchost.exe;running;0.00;NORMAL
TORRE-001;SERVIDOR-001;01/10/2026;10:16:08;1396;svchost.exe;running;0.00;NORMAL
TORRE-001;SERVIDOR-001;01/10/2026;10:16:08;1436;AggregatorHost.exe;running;0.00;NORMAL
TORRE-001;SERVIDOR-001;01/10/2026;10:16:08;1460;svchost.exe;running;0.00;NORMAL
TORRE-001;SERVIDOR-001;01/10/2026;10:16:08;1488;fontdrvhost.exe;running;0.00;NORMAL
TORRE-001;SERVIDOR-001;01/10/2026;10:16:08;1504;svchost.exe;running;0.00;NORMAL
TORRE-001;SERVIDOR-001;01/10/2026;10:16:08;1512;steamwebhelper.exe;running;0.00;NORMAL
TORRE-001;SERVIDOR-001;01/10/2026;10:16:08;1552;WUDFHost.exe;running;0.00;NORMAL
TORRE-001;SERVIDOR-001;01/10/2026;10:16:08;1704;svchost.exe;running;0.00;NORMAL
TORRE-001;SERVIDOR-001;01/10/2026;10:16:08;1728;svchost.exe;running;0.00;NORMAL
TORRE-001;SERVIDOR-001;01/10/2026;10:16:08;1784;svchost.exe;running;0.00;NORMAL
TORRE-001;SERVIDOR-001;01/10/2026;10:16:08;1836;SearchHost.exe;stopped;0.00;NORMAL
TORRE-001;SERVIDOR-001;01/10/2026;10:16:08;1852;svchost.exe;running;0.00;NORMAL
TORRE-001;SERVIDOR-001;01/10/2026;10:16:08;1896;svchost.exe;running;0.00;NORMAL
TORRE-001;SERVIDOR-001;01/10/2026;10:16:08;1912;svchost.exe;running;0.00;NORMAL
TORRE-001;SERVIDOR-001;01/10/2026;10:16:08;1924;svchost.exe;running;0.00;NORMAL
TORRE-001;SERVIDOR-001;01/10/2026;10:16:08;2012;svchost.exe;running;0.00;NORMAL
TORRE-001;SERVIDOR-001;01/10/2026;10:16:08;2112;svchost.exe;running;0.00;NORMAL
TORRE-001;SERVIDOR-001;01/10/2026;10:16:08;2188;FileCoAuth.exe;running;0.00;NORMAL
TORRE-001;SERVIDOR-001;01/10/2026;10:16:08;2216;svchost.exe;running;0.00;NORMAL
TORRE-001;SERVIDOR-001;01/10/2026;10:16:08;2344;opera.exe;running;0.00;NORMAL
TORRE-001;SERVIDOR-001;01/10/2026;10:16:08;2420;svchost.exe;running;0.00;NORMAL
TORRE-001;SERVIDOR-001;01/10/2026;10:16:08;2428;UserOOBEBroker.exe;running;0.00;NORMAL
TORRE-001;SERVIDOR-001;01/10/2026;10:16:08;2508;svchost.exe;running;0.00;NORMAL
TORRE-001;SERVIDOR-001;01/10/2026;10:16:08;2596;svchost.exe;running;0.00;NORMAL
TORRE-001;SERVIDOR-001;01/10/2026;10:16:08;2716;powershell.exe;running;0.00;NORMAL
TORRE-001;SERVIDOR-001;01/10/2026;10:16:08;2752;OpenConsole.exe;running;0.00;NORMAL
TORRE-001;SERVIDOR-001;01/10/2026;10:16:08;2768;svchost.exe;running;0.00;NORMAL
TORRE-001;SERVIDOR-001;01/10/2026;10:16:08;2772;svchost.exe;running;0.00;NORMAL
TORRE-001;SERVIDOR-001;01/10/2026;10:16:08;2872;svchost.exe;running;0.00;NORMAL
TORRE-001;SERVIDOR-001;01/10/2026;10:16:08;2924;svchost.exe;running;0.00;NORMAL
TORRE-001;SERVIDOR-001;01/10/2026;10:16:08;2980;SynTPEnhService.exe;running;0.00;NORMAL
TORRE-001;SERVIDOR-001;01/10/2026;10:16:08;3008;svchost.exe;running;0.00;NORMAL
TORRE-001;SERVIDOR-001;01/10/2026;10:16:08;3032;svchost.exe;running;0.00;NORMAL
TORRE-001;SERVIDOR-001;01/10/2026;10:16:08;3120;atiesrxx.exe;running;0.00;NORMAL
TORRE-001;SERVIDOR-001;01/10/2026;10:16:08;3128;amdfendrsr.exe;running;0.00;NORMAL
TORRE-001;SERVIDOR-001;01/10/2026;10:16:08;3144;svchost.exe;running;0.00;NORMAL
TORRE-001;SERVIDOR-001;01/10/2026;10:16:08;3204;RtkAudUService64.exe;running;0.00;NORMAL
TORRE-001;SERVIDOR-001;01/10/2026;10:16:08;3256;Code.exe;running;0.00;NORMAL
TORRE-001;SERVIDOR-001;01/10/2026;10:16:08;3316;svchost.exe;running;0.00;NORMAL
TORRE-001;SERVIDOR-001;01/10/2026;10:16:08;3464;svchost.exe;running;0.00;NORMAL
TORRE-001;SERVIDOR-001;01/10/2026;10:16:08;3468;svchost.exe;running;0.00;NORMAL
TORRE-001;SERVIDOR-001;01/10/2026;10:16:08;3480;svchost.exe;running;0.00;NORMAL
TORRE-001;SERVIDOR-001;01/10/2026;10:16:08;3500;SearchIndexer.exe;running;0.00;NORMAL
TORRE-001;SERVIDOR-001;01/10/2026;10:16:08;3616;svchost.exe;running;0.00;NORMAL
TORRE-001;SERVIDOR-001;01/10/2026;10:16:08;3648;svchost.exe;running;0.00;NORMAL
TORRE-001;SERVIDOR-001;01/10/2026;10:16:08;3656;svchost.exe;running;0.00;NORMAL
TORRE-001;SERVIDOR-001;01/10/2026;10:16:08;3672;opera.exe;running;0.00;NORMAL
TORRE-001;SERVIDOR-001;01/10/2026;10:16:08;3716;svchost.exe;running;0.00;NORMAL
TORRE-001;SERVIDOR-001;01/10/2026;10:16:08;3804;opera.exe;running;0.00;NORMAL
TORRE-001;SERVIDOR-001;01/10/2026;10:16:08;3832;svchost.exe;running;0.00;NORMAL
TORRE-001;SERVIDOR-001;01/10/2026;10:16:08;3860;svchost.exe;running;0.00;NORMAL
TORRE-001;SERVIDOR-001;01/10/2026;10:16:08;3948;svchost.exe;running;0.00;NORMAL
TORRE-001;SERVIDOR-001;01/10/2026;10:16:08;3972;svchost.exe;running;0.00;NORMAL
TORRE-001;SERVIDOR-001;01/10/2026;10:16:08;4092;svchost.exe;running;0.00;NORMAL
TORRE-001;SERVIDOR-001;01/10/2026;10:16:08;4216;spoolsv.exe;running;0.00;NORMAL
TORRE-001;SERVIDOR-001;01/10/2026;10:16:08;4224;wlanext.exe;running;0.00;NORMAL
TORRE-001;SERVIDOR-001;01/10/2026;10:16:08;4268;conhost.exe;running;0.00;NORMAL
TORRE-001;SERVIDOR-001;01/10/2026;10:16:08;4336;svchost.exe;running;0.00;NORMAL
TORRE-001;SERVIDOR-001;01/10/2026;10:16:08;4436;SecurityHealthService.exe;running;0.00;NORMAL
TORRE-001;SERVIDOR-001;01/10/2026;10:16:08;4448;svchost.exe;running;0.00;NORMAL
TORRE-001;SERVIDOR-001;01/10/2026;10:16:08;4608;DAX3API.exe;running;0.00;NORMAL
TORRE-001;SERVIDOR-001;01/10/2026;10:16:08;4620;svchost.exe;running;0.00;NORMAL
TORRE-001;SERVIDOR-001;01/10/2026;10:16:08;4628;svchost.exe;running;0.00;NORMAL
TORRE-001;SERVIDOR-001;01/10/2026;10:16:08;4640;ibmpmsvc.exe;running;0.00;NORMAL
TORRE-001;SERVIDOR-001;01/10/2026;10:16:08;4648;svchost.exe;running;0.00;NORMAL
TORRE-001;SERVIDOR-001;01/10/2026;10:16:08;4656;svchost.exe;running;0.00;NORMAL
TORRE-001;SERVIDOR-001;01/10/2026;10:16:08;4676;svchost.exe;running;0.00;NORMAL
TORRE-001;SERVIDOR-001;01/10/2026;10:16:08;4692;svchost.exe;running;0.00;NORMAL
TORRE-001;SERVIDOR-001;01/10/2026;10:16:08;4696;SynRpcServer.exe;running;0.00;NORMAL
TORRE-001;SERVIDOR-001;01/10/2026;10:16:08;4720;LITSSvc.exe;running;0.00;NORMAL
TORRE-001;SERVIDOR-001;01/10/2026;10:16:08;4740;MpDefenderCoreService.exe;running;0.00;NORMAL
TORRE-001;SERVIDOR-001;01/10/2026;10:16:08;4748;SmartStandby.exe;running;0.00;NORMAL
TORRE-001;SERVIDOR-001;01/10/2026;10:16:08;4756;mysqld.exe;running;0.00;NORMAL
TORRE-001;SERVIDOR-001;01/10/2026;10:16:08;4772;RtkAudUService64.exe;running;0.00;NORMAL
TORRE-001;SERVIDOR-001;01/10/2026;10:16:08;4780;FMService64.exe;running;0.00;NORMAL
TORRE-001;SERVIDOR-001;01/10/2026;10:16:08;4916;svchost.exe;running;0.00;NORMAL
TORRE-001;SERVIDOR-001;01/10/2026;10:16:08;5036;svchost.exe;running;0.00;NORMAL
TORRE-001;SERVIDOR-001;01/10/2026;10:16:08;5196;svchost.exe;running;0.00;NORMAL
TORRE-001;SERVIDOR-001;01/10/2026;10:16:08;5232;svchost.exe;running;0.00;NORMAL
TORRE-001;SERVIDOR-001;01/10/2026;10:16:08;5284;svchost.exe;running;0.00;NORMAL
TORRE-001;SERVIDOR-001;01/10/2026;10:16:08;5316;tphkload.exe;running;0.00;NORMAL
TORRE-001;SERVIDOR-001;01/10/2026;10:16:08;5344;mysqld.exe;running;0.00;NORMAL
TORRE-001;SERVIDOR-001;01/10/2026;10:16:08;5392;conhost.exe;running;0.00;NORMAL
TORRE-001;SERVIDOR-001;01/10/2026;10:16:08;5480;RuntimeBroker.exe;running;0.00;NORMAL
TORRE-001;SERVIDOR-001;01/10/2026;10:16:08;5612;svchost.exe;running;0.00;NORMAL
TORRE-001;SERVIDOR-001;01/10/2026;10:16:08;5808;RuntimeBroker.exe;running;0.00;NORMAL
TORRE-001;SERVIDOR-001;01/10/2026;10:16:08;5984;svchost.exe;running;0.00;NORMAL
TORRE-001;SERVIDOR-001;01/10/2026;10:16:08;6076;svchost.exe;running;0.00;NORMAL
TORRE-001;SERVIDOR-001;01/10/2026;10:16:08;6080;svchost.exe;running;0.00;NORMAL
TORRE-001;SERVIDOR-001;01/10/2026;10:16:08;6236;dllhost.exe;running;0.00;NORMAL
TORRE-001;SERVIDOR-001;01/10/2026;10:16:08;6288;svchost.exe;running;0.00;NORMAL
TORRE-001;SERVIDOR-001;01/10/2026;10:16:08;6552;svchost.exe;running;0.00;NORMAL
TORRE-001;SERVIDOR-001;01/10/2026;10:16:08;6616;NisSrv.exe;running;0.00;NORMAL
TORRE-001;SERVIDOR-001;01/10/2026;10:16:08;6628;browser_assistant.exe;running;0.00;NORMAL
TORRE-001;SERVIDOR-001;01/10/2026;10:16:08;6668;RuntimeBroker.exe;running;0.00;NORMAL
TORRE-001;SERVIDOR-001;01/10/2026;10:16:08;6724;opera.exe;running;0.00;NORMAL
TORRE-001;SERVIDOR-001;01/10/2026;10:16:08;6796;opera.exe;running;0.00;NORMAL
TORRE-001;SERVIDOR-001;01/10/2026;10:16:08;6912;powershell.exe;running;0.00;NORMAL
TORRE-001;SERVIDOR-001;01/10/2026;10:16:08;6924;svchost.exe;running;0.00;NORMAL
TORRE-001;SERVIDOR-001;01/10/2026;10:16:08;6960;svchost.exe;running;0.00;NORMAL
TORRE-001;SERVIDOR-001;01/10/2026;10:16:08;6964;pet.exe;running;0.00;NORMAL
TORRE-001;SERVIDOR-001;01/10/2026;10:16:08;6984;MoUsoCoreWorker.exe;running;0.00;NORMAL
TORRE-001;SERVIDOR-001;01/10/2026;10:16:08;6996;svchost.exe;running;0.00;NORMAL
TORRE-001;SERVIDOR-001;01/10/2026;10:16:08;7056;msedgewebview2.exe;running;0.00;NORMAL
TORRE-001;SERVIDOR-001;01/10/2026;10:16:08;7184;powershell.exe;running;0.00;NORMAL
TORRE-001;SERVIDOR-001;01/10/2026;10:16:08;7312;svchost.exe;running;0.00;NORMAL
TORRE-001;SERVIDOR-001;01/10/2026;10:16:08;7376;RtkAudUService64.exe;running;0.00;NORMAL
TORRE-001;SERVIDOR-001;01/10/2026;10:16:08;7700;LinkedIn.exe;running;0.00;NORMAL
TORRE-001;SERVIDOR-001;01/10/2026;10:16:08;7848;svchost.exe;running;0.00;NORMAL
TORRE-001;SERVIDOR-001;01/10/2026;10:16:08;7880;opera.exe;running;0.00;NORMAL
TORRE-001;SERVIDOR-001;01/10/2026;10:16:08;7896;WUDFHost.exe;running;0.00;NORMAL
TORRE-001;SERVIDOR-001;01/10/2026;10:16:08;7984;M365Copilot.exe;running;0.00;NORMAL
TORRE-001;SERVIDOR-001;01/10/2026;10:16:08;8104;OpenConsole.exe;running;0.00;NORMAL
TORRE-001;SERVIDOR-001;01/10/2026;10:16:08;8592;svchost.exe;running;0.00;NORMAL
TORRE-001;SERVIDOR-001;01/10/2026;10:16:08;8652;opera.exe;running;0.00;NORMAL
TORRE-001;SERVIDOR-001;01/10/2026;10:16:08;8816;svchost.exe;running;0.00;NORMAL
TORRE-001;SERVIDOR-001;01/10/2026;10:16:08;8836;RadeonSoftware.exe;running;0.00;NORMAL
TORRE-001;SERVIDOR-001;01/10/2026;10:16:08;9292;svchost.exe;running;0.00;NORMAL
TORRE-001;SERVIDOR-001;01/10/2026;10:16:08;9380;opera.exe;running;0.00;NORMAL
TORRE-001;SERVIDOR-001;01/10/2026;10:16:08;9392;svchost.exe;running;0.00;NORMAL
TORRE-001;SERVIDOR-001;01/10/2026;10:16:08;9516;powershell.exe;running;0.00;NORMAL
TORRE-001;SERVIDOR-001;01/10/2026;10:16:08;9696;git-bash.exe;running;0.00;NORMAL
TORRE-001;SERVIDOR-001;01/10/2026;10:16:08;9748;winlogon.exe;running;0.00;NORMAL
TORRE-001;SERVIDOR-001;01/10/2026;10:16:08;9752;PowerMgr.exe;running;0.00;NORMAL
TORRE-001;SERVIDOR-001;01/10/2026;10:16:08;9820;steamwebhelper.exe;running;0.00;NORMAL
TORRE-001;SERVIDOR-001;01/10/2026;10:16:08;9936;steamservice.exe;running;0.00;NORMAL
TORRE-001;SERVIDOR-001;01/10/2026;10:16:08;9964;msedgewebview2.exe;running;0.00;NORMAL
TORRE-001;SERVIDOR-001;01/10/2026;10:16:08;10148;powershell.exe;running;0.00;NORMAL
TORRE-001;SERVIDOR-001;01/10/2026;10:16:08;10156;svchost.exe;running;0.00;NORMAL
TORRE-001;SERVIDOR-001;01/10/2026;10:16:08;10224;msedgewebview2.exe;running;0.00;NORMAL
TORRE-001;SERVIDOR-001;01/10/2026;10:16:08;10400;CodeSetup-stable-07f806f999227108933c2e30515b26eecc1fda74.exe;running;0.00;NORMAL
TORRE-001;SERVIDOR-001;01/10/2026;10:16:08;10404;opera.exe;running;0.00;NORMAL
TORRE-001;SERVIDOR-001;01/10/2026;10:16:08;10452;opera.exe;running;0.00;NORMAL
TORRE-001;SERVIDOR-001;01/10/2026;10:16:08;10540;AMDRSServ.exe;running;0.00;NORMAL
TORRE-001;SERVIDOR-001;01/10/2026;10:16:08;10648;WUDFHost.exe;running;0.00;NORMAL
TORRE-001;SERVIDOR-001;01/10/2026;10:16:08;10760;SynTPHelper.exe;running;0.00;NORMAL
TORRE-001;SERVIDOR-001;01/10/2026;10:16:08;10764;svchost.exe;running;0.00;NORMAL
TORRE-001;SERVIDOR-001;01/10/2026;10:16:08;10788;msedgewebview2.exe;running;0.00;NORMAL
TORRE-001;SERVIDOR-001;01/10/2026;10:16:08;10920;msedgewebview2.exe;running;0.00;NORMAL
TORRE-001;SERVIDOR-001;01/10/2026;10:16:08;11204;svchost.exe;running;0.00;NORMAL
TORRE-001;SERVIDOR-001;01/10/2026;10:16:08;11272;msedgewebview2.exe;running;0.00;NORMAL
TORRE-001;SERVIDOR-001;01/10/2026;10:16:08;11324;svchost.exe;running;0.00;NORMAL
TORRE-001;SERVIDOR-001;01/10/2026;10:16:08;11408;Code.exe;running;0.00;NORMAL
TORRE-001;SERVIDOR-001;01/10/2026;10:16:08;11568;svchost.exe;running;0.00;NORMAL
TORRE-001;SERVIDOR-001;01/10/2026;10:16:08;11592;Code.exe;running;0.00;NORMAL
TORRE-001;SERVIDOR-001;01/10/2026;10:16:08;11724;svchost.exe;running;0.00;NORMAL
TORRE-001;SERVIDOR-001;01/10/2026;10:16:08;12240;SnippingTool.exe;running;0.00;NORMAL
TORRE-001;SERVIDOR-001;01/10/2026;10:16:08;12604;svchost.exe;running;0.00;NORMAL
TORRE-001;SERVIDOR-001;01/10/2026;10:16:08;12852;Code.exe;running;0.00;NORMAL
TORRE-001;SERVIDOR-001;01/10/2026;10:16:08;12976;opera.exe;running;0.00;NORMAL
TORRE-001;SERVIDOR-001;01/10/2026;10:16:08;13056;DefenderSessionHelper.exe;running;0.00;NORMAL
TORRE-001;SERVIDOR-001;01/10/2026;10:16:08;13212;steamwebhelper.exe;running;0.00;NORMAL
TORRE-001;SERVIDOR-001;01/10/2026;10:16:08;13372;opera.exe;running;0.00;NORMAL
TORRE-001;SERVIDOR-001;01/10/2026;10:16:08;13388;bash.exe;running;0.00;NORMAL
TORRE-001;SERVIDOR-001;01/10/2026;10:16:08;13488;steamwebhelper.exe;running;0.00;NORMAL
TORRE-001;SERVIDOR-001;01/10/2026;10:16:08;13728;msedgewebview2.exe;running;0.00;NORMAL
TORRE-001;SERVIDOR-001;01/10/2026;10:16:08;13792;opera.exe;running;0.00;NORMAL
TORRE-001;SERVIDOR-001;01/10/2026;10:16:08;13864;svchost.exe;running;0.00;NORMAL
TORRE-001;SERVIDOR-001;01/10/2026;10:16:08;14096;opera.exe;running;0.00;NORMAL
TORRE-001;SERVIDOR-001;01/10/2026;10:16:08;14184;SystemSettingsBroker.exe;running;0.00;NORMAL
TORRE-001;SERVIDOR-001;01/10/2026;10:16:08;14196;svchost.exe;running;0.00;NORMAL
TORRE-001;SERVIDOR-001;01/10/2026;10:16:08;14316;dllhost.exe;running;0.00;NORMAL
TORRE-001;SERVIDOR-001;01/10/2026;10:16:08;14376;WidgetService.exe;running;0.00;NORMAL
TORRE-001;SERVIDOR-001;01/10/2026;10:16:08;14508;opera.exe;running;0.00;NORMAL
TORRE-001;SERVIDOR-001;01/10/2026;10:16:08;14516;opera.exe;running;0.00;NORMAL
TORRE-001;SERVIDOR-001;01/10/2026;10:16:08;14940;Code.exe;running;0.00;NORMAL
TORRE-001;SERVIDOR-001;01/10/2026;10:16:08;14952;msedgewebview2.exe;running;0.00;NORMAL
TORRE-001;SERVIDOR-001;01/10/2026;10:16:08;14996;svchost.exe;running;0.00;NORMAL
TORRE-001;SERVIDOR-001;01/10/2026;10:16:08;15012;svchost.exe;running;0.00;NORMAL
TORRE-001;SERVIDOR-001;01/10/2026;10:16:08;15076;svchost.exe;running;0.00;NORMAL
TORRE-001;SERVIDOR-001;01/10/2026;10:16:08;15084;msedgewebview2.exe;running;0.00;NORMAL
TORRE-001;SERVIDOR-001;01/10/2026;10:16:08;15092;wallpaper64.exe;running;0.00;NORMAL
TORRE-001;SERVIDOR-001;01/10/2026;10:16:08;15112;PhoneExperienceHost.exe;running;0.00;NORMAL
TORRE-001;SERVIDOR-001;01/10/2026;10:16:08;15260;audiodg.exe;running;0.00;NORMAL
TORRE-001;SERVIDOR-001;01/10/2026;10:16:08;15356;conhost.exe;running;0.00;NORMAL
TORRE-001;SERVIDOR-001;01/10/2026;10:16:08;15372;svchost.exe;running;0.00;NORMAL
TORRE-001;SERVIDOR-001;01/10/2026;10:16:08;15512;svchost.exe;running;0.00;NORMAL
TORRE-001;SERVIDOR-001;01/10/2026;10:16:08;15612;shtctky.exe;running;0.00;NORMAL
TORRE-001;SERVIDOR-001;01/10/2026;10:16:08;15804;RuntimeBroker.exe;running;0.00;NORMAL
TORRE-001;SERVIDOR-001;01/10/2026;10:16:08;15820;steamwebhelper.exe;running;0.00;NORMAL
TORRE-001;SERVIDOR-001;01/10/2026;10:16:08;15864;OneDrive.exe;running;0.00;NORMAL
TORRE-001;SERVIDOR-001;01/10/2026;10:16:08;15940;Widgets.exe;running;0.00;NORMAL
TORRE-001;SERVIDOR-001;01/10/2026;10:16:08;16120;SecurityHealthSystray.exe;running;0.00;NORMAL
TORRE-001;SERVIDOR-001;01/10/2026;10:16:08;16164;Code.exe;running;0.00;NORMAL
TORRE-001;SERVIDOR-001;01/10/2026;10:16:08;16192;RuntimeBroker.exe;running;0.00;NORMAL
TORRE-001;SERVIDOR-001;01/10/2026;10:16:08;16304;fontdrvhost.exe;running;0.00;NORMAL
TORRE-001;SERVIDOR-001;01/10/2026;10:16:08;16324;opera.exe;running;0.00;NORMAL
TORRE-001;SERVIDOR-001;01/10/2026;10:16:08;16428;msedgewebview2.exe;running;0.00;NORMAL
TORRE-001;SERVIDOR-001;01/10/2026;10:16:08;16464;Code.exe;running;0.00;NORMAL
TORRE-001;SERVIDOR-001;01/10/2026;10:16:08;16468;steamwebhelper.exe;running;0.00;NORMAL
TORRE-001;SERVIDOR-001;01/10/2026;10:16:08;16520;MySQLWorkbench.exe;running;0.00;NORMAL
TORRE-001;SERVIDOR-001;01/10/2026;10:16:08;16620;CodeSetup-stable-07f806f999227108933c2e30515b26eecc1fda74.tmp;running;0.00;NORMAL
TORRE-001;SERVIDOR-001;01/10/2026;10:16:08;16696;msedge.exe;running;0.00;NORMAL
TORRE-001;SERVIDOR-001;01/10/2026;10:16:08;16720;steamwebhelper.exe;running;0.00;NORMAL
TORRE-001;SERVIDOR-001;01/10/2026;10:16:08;16724;opera.exe;running;0.00;NORMAL
TORRE-001;SERVIDOR-001;01/10/2026;10:16:08;17064;opera.exe;running;0.00;NORMAL
TORRE-001;SERVIDOR-001;01/10/2026;10:16:08;17156;conhost.exe;running;0.00;NORMAL
TORRE-001;SERVIDOR-001;01/10/2026;10:16:08;17536;RuntimeBroker.exe;running;0.00;NORMAL
TORRE-001;SERVIDOR-001;01/10/2026;10:16:08;17552;svchost.exe;running;0.00;NORMAL
TORRE-001;SERVIDOR-001;01/10/2026;10:16:08;17588;opera.exe;running;0.00;NORMAL
TORRE-001;SERVIDOR-001;01/10/2026;10:16:08;17644;sihost.exe;running;0.00;NORMAL
TORRE-001;SERVIDOR-001;01/10/2026;10:16:08;17816;msedge.exe;running;0.00;NORMAL
TORRE-001;SERVIDOR-001;01/10/2026;10:16:08;17972;AMDRSSrcExt.exe;running;0.00;NORMAL
TORRE-001;SERVIDOR-001;01/10/2026;10:16:08;18088;CalculatorApp.exe;running;0.00;NORMAL
TORRE-001;SERVIDOR-001;01/10/2026;10:16:08;18104;cncmd.exe;running;0.00;NORMAL
TORRE-001;SERVIDOR-001;01/10/2026;10:16:08;18172;msedgewebview2.exe;running;0.00;NORMAL
TORRE-001;SERVIDOR-001;01/10/2026;10:16:08;18472;CrossDeviceService.exe;running;0.00;NORMAL
TORRE-001;SERVIDOR-001;01/10/2026;10:16:08;18880;msedgewebview2.exe;running;0.00;NORMAL
TORRE-001;SERVIDOR-001;01/10/2026;10:16:08;18896;svchost.exe;running;0.00;NORMAL
TORRE-001;SERVIDOR-001;01/10/2026;10:16:08;18912;opera.exe;running;0.00;NORMAL
TORRE-001;SERVIDOR-001;01/10/2026;10:16:08;19140;Code.exe;running;0.00;NORMAL
TORRE-001;SERVIDOR-001;01/10/2026;10:16:08;19160;opera.exe;running;0.00;NORMAL
TORRE-001;SERVIDOR-001;01/10/2026;10:16:08;19196;msedgewebview2.exe;running;0.00;NORMAL
TORRE-001;SERVIDOR-001;01/10/2026;10:16:08;19200;StartMenuExperienceHost.exe;running;0.00;NORMAL
TORRE-001;SERVIDOR-001;01/10/2026;10:16:08;19216;ApplicationFrameHost.exe;running;0.00;NORMAL
TORRE-001;SERVIDOR-001;01/10/2026;10:16:08;19272;ShellExperienceHost.exe;stopped;0.00;NORMAL
TORRE-001;SERVIDOR-001;01/10/2026;10:16:08;19284;conhost.exe;running;0.00;NORMAL
TORRE-001;SERVIDOR-001;01/10/2026;10:16:08;19608;svchost.exe;running;0.00;NORMAL
TORRE-001;SERVIDOR-001;01/10/2026;10:16:08;19632;svchost.exe;running;0.00;NORMAL
TORRE-001;SERVIDOR-001;01/10/2026;10:16:08;19780;opera.exe;running;0.00;NORMAL
TORRE-001;SERVIDOR-001;01/10/2026;10:16:08;19788;msedgewebview2.exe;running;0.00;NORMAL
TORRE-001;SERVIDOR-001;01/10/2026;10:16:08;19880;opera.exe;running;0.00;NORMAL
TORRE-001;SERVIDOR-001;01/10/2026;10:16:08;19912;svchost.exe;running;0.00;NORMAL
TORRE-001;SERVIDOR-001;01/10/2026;10:16:08;19956;msedgewebview2.exe;running;0.00;NORMAL
TORRE-001;SERVIDOR-001;01/10/2026;10:16:08;20212;Code.exe;running;0.00;NORMAL
TORRE-001;SERVIDOR-001;01/10/2026;10:16:08;20412;svchost.exe;running;0.00;NORMAL
TORRE-001;SERVIDOR-001;01/10/2026;10:16:08;20440;opera.exe;running;0.00;NORMAL
TORRE-001;SERVIDOR-001;01/10/2026;10:16:08;20512;TranslucentTB.exe;running;0.00;NORMAL
TORRE-001;SERVIDOR-001;01/10/2026;10:16:08;20624;msedgewebview2.exe;running;0.00;NORMAL
TORRE-001;SERVIDOR-001;01/10/2026;10:16:08;20708;CastSrv.exe;running;0.00;NORMAL
TORRE-001;SERVIDOR-001;01/10/2026;10:16:08;20768;SystemSettings.exe;stopped;0.00;NORMAL
TORRE-001;SERVIDOR-001;01/10/2026;10:16:08;20812;RuntimeBroker.exe;running;0.00;NORMAL
TORRE-001;SERVIDOR-001;01/10/2026;10:16:08;20904;conhost.exe;running;0.00;NORMAL
TORRE-001;SERVIDOR-001;01/10/2026;10:16:08;20988;opera.exe;running;0.00;NORMAL
TORRE-001;SERVIDOR-001;01/10/2026;10:16:08;21020;svchost.exe;running;0.00;NORMAL
TORRE-001;SERVIDOR-001;01/10/2026;10:16:08;21264;msedgewebview2.exe;running;0.00;NORMAL
TORRE-001;SERVIDOR-001;01/10/2026;10:16:08;21624;svchost.exe;running;0.00;NORMAL
TORRE-001;SERVIDOR-001;01/10/2026;10:16:08;21692;opera.exe;running;0.00;NORMAL
TORRE-001;SERVIDOR-001;01/10/2026;10:16:08;21956;svchost.exe;running;0.00;NORMAL
TORRE-001;SERVIDOR-001;01/10/2026;10:16:08;22076;Code.exe;running;0.00;NORMAL
TORRE-001;SERVIDOR-001;01/10/2026;10:16:08;22156;browser_assistant.exe;running;0.00;NORMAL
TORRE-001;SERVIDOR-001;01/10/2026;10:16:08;22228;msedgewebview2.exe;running;0.00;NORMAL
TORRE-001;SERVIDOR-001;01/10/2026;10:16:08;22296;LockApp.exe;stopped;0.00;NORMAL
TORRE-001;SERVIDOR-001;01/10/2026;10:16:08;22504;msedgewebview2.exe;running;0.00;NORMAL
TORRE-001;SERVIDOR-001;01/10/2026;10:16:08;22688;taskhostw.exe;running;0.00;NORMAL
TORRE-001;SERVIDOR-001;01/10/2026;10:16:08;22696;opera.exe;running;0.00;NORMAL
TORRE-001;SERVIDOR-001;01/10/2026;10:16:08;22852;Code.exe;running;0.00;NORMAL
TORRE-001;SERVIDOR-001;01/10/2026;10:16:08;22920;dllhost.exe;running;0.00;NORMAL
TORRE-001;SERVIDOR-001;01/10/2026;10:16:08;22940;msedge.exe;running;0.00;NORMAL
TORRE-001;SERVIDOR-001;01/10/2026;10:16:08;23088;opera_crashreporter.exe;running;0.00;NORMAL
TORRE-001;SERVIDOR-001;01/10/2026;10:16:08;23116;RuntimeBroker.exe;running;0.00;NORMAL
TORRE-001;SERVIDOR-001;01/10/2026;10:16:08;23212;opera.exe;running;0.00;NORMAL
TORRE-001;SERVIDOR-001;01/10/2026;10:16:08;23424;OpenConsole.exe;running;0.00;NORMAL
TORRE-001;SERVIDOR-001;01/10/2026;10:16:08;23436;unsecapp.exe;running;0.00;NORMAL
TORRE-001;SERVIDOR-001;01/10/2026;10:16:08;23452;Notepad.exe;running;0.00;NORMAL
TORRE-001;SERVIDOR-001;01/10/2026;10:16:08;23488;opera.exe;running;0.00;NORMAL
TORRE-001;SERVIDOR-001;01/10/2026;10:16:08;23516;opera.exe;running;0.00;NORMAL
TORRE-001;SERVIDOR-001;01/10/2026;10:16:08;23580;DAX3API.exe;running;0.00;NORMAL
TORRE-001;SERVIDOR-001;01/10/2026;10:16:08;23780;RuntimeBroker.exe;running;0.00;NORMAL
TORRE-001;SERVIDOR-001;01/10/2026;10:16:08;23856;tposd.exe;running;0.00;NORMAL
TORRE-001;SERVIDOR-001;01/10/2026;10:16:08;23944;Code.exe;running;0.00;NORMAL
TORRE-001;SERVIDOR-001;01/10/2026;10:16:08;24284;svchost.exe;running;0.00;NORMAL
TORRE-001;SERVIDOR-001;01/10/2026;10:16:08;24660;Code.exe;running;0.00;NORMAL
TORRE-001;SERVIDOR-001;01/10/2026;10:16:08;25092;msedgewebview2.exe;running;0.00;NORMAL
TORRE-001;SERVIDOR-001;01/10/2026;10:16:08;25616;msedge.exe;running;0.00;NORMAL
TORRE-001;SERVIDOR-001;01/10/2026;10:16:08;25960;Code.exe;running;0.00;NORMAL
TORRE-001;SERVIDOR-001;01/10/2026;10:16:08;26224;opera.exe;running;0.00;NORMAL
TORRE-001;SERVIDOR-001;01/10/2026;10:16:08;26428;opera.exe;running;0.00;NORMAL
TORRE-001;SERVIDOR-001;01/10/2026;10:16:08;26480;opera.exe;running;0.00;NORMAL
TORRE-001;SERVIDOR-001;01/10/2026;10:16:08;26512;OneDrive.Sync.Service.exe;running;0.00;NORMAL
